<?xml version="1.0" encoding="utf-8"?>
<COLLADA xmlns="http://www.collada.org/2005/11/COLLADASchema" version="1.4.1">
  <asset>
    <contributor>
      <author/>
      <authoring_tool>FBX COLLADA exporter</authoring_tool>
      <comments/>
    </contributor>
    <created>2019-03-12T03:40:23Z</created>
    <keywords/>
    <modified>2019-03-12T03:40:23Z</modified>
    <revision/>
    <subject/>
    <title/>
    <unit meter="0.010000" name="centimeter"/>
    <up_axis>Y_UP</up_axis>
  </asset>
  <library_images>
    <image id="file1-image" name="file1">
      <init_from>file:///Users/fernando/Library/Mobile Documents/com~apple~CloudDocs/xcode/Rubberband/RubberBand/Rubber Band/textures/gem_diff.jpg</init_from>
    </image>
  </library_images>
  <library_materials>
    <material id="svgBlinn1" name="svgBlinn1">
      <instance_effect url="#svgBlinn1-fx"/>
    </material>
    <material id="lambert3" name="lambert3">
      <instance_effect url="#lambert3-fx"/>
    </material>
  </library_materials>
  <library_effects>
    <effect id="svgBlinn1-fx" name="svgBlinn1">
      <profile_COMMON>
        <technique sid="standard">
          <phong>
            <emission>
              <color sid="emission">0.000000  0.000000 0.000000 1.000000</color>
            </emission>
            <ambient>
              <color sid="ambient">0.000000  0.000000 0.000000 1.000000</color>
            </ambient>
            <diffuse>
              <color sid="diffuse">0.800000  0.800000 0.800000 1.000000</color>
            </diffuse>
            <specular>
              <color sid="specular">0.500000  0.500000 0.500000 1.000000</color>
            </specular>
            <shininess>
              <float sid="shininess">6.311791</float>
            </shininess>
            <reflective>
              <color sid="reflective">0.000000  0.000000 0.000000 1.000000</color>
            </reflective>
            <reflectivity>
              <float sid="reflectivity">0.500000</float>
            </reflectivity>
            <transparent opaque="RGB_ZERO">
              <color sid="transparent">0.000000  0.000000 0.000000 1.000000</color>
            </transparent>
            <transparency>
              <float sid="transparency">1.000000</float>
            </transparency>
          </phong>
        </technique>
      </profile_COMMON>
    </effect>
    <effect id="lambert3-fx" name="lambert3">
      <profile_COMMON>
        <technique sid="standard">
          <lambert>
            <emission>
              <color sid="emission">0.000000  0.000000 0.000000 1.000000</color>
            </emission>
            <ambient>
              <color sid="ambient">0.000000  0.000000 0.000000 1.000000</color>
            </ambient>
            <diffuse>
              <texture texture="file1-image" texcoord="CHANNEL0">
                <extra>
                  <technique profile="MAYA">
                    <wrapU sid="wrapU0">TRUE</wrapU>
                    <wrapV sid="wrapV0">TRUE</wrapV>
                    <blend_mode>NONE</blend_mode>
                  </technique>
                </extra>
              </texture>
            </diffuse>
            <transparent opaque="RGB_ZERO">
              <color sid="transparent">0.000000  0.000000 0.000000 1.000000</color>
            </transparent>
            <transparency>
              <float sid="transparency">1.000000</float>
            </transparency>
          </lambert>
        </technique>
      </profile_COMMON>
    </effect>
  </library_effects>
  <library_geometries>
    <geometry id="ride-lib" name="rideMesh">
      <mesh>
        <source id="ride-POSITION">
          <float_array id="ride-POSITION-array" count="183">
0.343440 0.187901 -0.020230
-0.136763 0.002684 -0.257256
-0.150979 0.160504 0.277485
0.188111 0.073556 -0.277485
-0.306308 0.046158 0.020230
0.173894 0.231375 0.257256
-0.029328 0.262104 -0.039999
0.295811 0.223965 0.136847
0.304019 0.132847 -0.171886
0.092975 0.126684 -0.147398
0.085867 0.205594 0.119973
0.170639 0.183857 -0.018770
0.026774 0.025913 -0.308733
-0.258679 0.010095 -0.136847
-0.154235 0.112986 0.001460
-0.069462 0.091249 -0.137283
-0.266887 0.101212 0.171886
0.010358 0.208147 0.308733
-0.076570 0.170158 0.130088
0.129881 0.218484 0.188614
0.242482 0.231573 0.204003
0.232733 0.205400 0.058628
0.122752 0.211389 0.046007
0.180348 0.214847 0.122820
0.330245 0.209069 0.060366
0.334494 0.161903 -0.099446
0.236837 0.159841 -0.095739
0.277143 0.186184 -0.019624
0.254090 0.102714 -0.232612
0.140543 0.100119 -0.212441
0.126306 0.171934 -0.087678
0.187731 0.132885 -0.154891
0.030628 0.198012 -0.094696
0.027074 0.237467 0.038989
0.069461 0.226599 -0.030382
0.110578 0.047360 -0.303449
-0.021836 0.060070 -0.223419
0.006255 0.125630 -0.146935
0.058395 0.083000 -0.218731
-0.057590 0.010675 -0.292977
-0.205351 0.002487 -0.204003
-0.164562 0.052161 -0.137476
-0.110867 0.036527 -0.211144
-0.293114 0.024990 -0.060366
-0.230271 0.079571 0.010845
-0.117350 0.118781 -0.072506
-0.198376 0.068771 -0.064116
-0.092976 0.191163 -0.020267
-0.050590 0.180295 -0.089639
-0.297363 0.072156 0.099446
-0.172220 0.137174 0.150576
-0.120904 0.158235 0.061179
-0.202205 0.111278 0.079910
-0.216958 0.131346 0.232612
-0.073446 0.186699 0.303449
-0.033598 0.190642 0.219000
-0.122354 0.164047 0.220934
0.094721 0.223385 0.292977
-0.000853 0.204540 0.120436
0.047182 0.207468 0.203006
-0.054144 0.219750 0.044047
</float_array>
          <technique_common>
            <accessor source="#ride-POSITION-array" count="61" stride="3">
              <param name="X" type="float"/>
              <param name="Y" type="float"/>
              <param name="Z" type="float"/>
            </accessor>
          </technique_common>
        </source>
        <source id="ride-Normal0">
          <float_array id="ride-Normal0-array" count="864">
-0.024607 0.998752 0.043465
-0.046220 0.988971 -0.140714
0.180866 0.978849 -0.095613
-0.046220 0.988971 -0.140714
-0.024607 0.998752 0.043465
-0.109373 0.989941 -0.089750
-0.078024 0.985807 -0.148652
-0.046220 0.988971 -0.140714
-0.109373 0.989941 -0.089750
-0.109373 0.989941 -0.089750
-0.120728 0.986455 -0.111046
-0.078024 0.985807 -0.148652
-0.046220 0.988971 -0.140714
-0.048013 0.979845 -0.193902
-0.005165 0.974290 -0.225236
-0.048013 0.979845 -0.193902
-0.046220 0.988971 -0.140714
-0.078024 0.985807 -0.148652
0.180866 0.978849 -0.095613
-0.005165 0.974290 -0.225236
0.145930 0.949889 -0.276432
-0.005165 0.974290 -0.225236
0.180866 0.978849 -0.095613
-0.046220 0.988971 -0.140714
-0.031509 0.969989 -0.241098
-0.027603 0.958551 -0.283579
-0.005165 0.974290 -0.225236
-0.005165 0.974290 -0.225236
-0.048013 0.979845 -0.193902
-0.031509 0.969989 -0.241098
-0.031648 0.944881 -0.325881
-0.027603 0.958551 -0.283579
-0.027409 0.958543 -0.283626
-0.031509 0.969989 -0.241098
-0.027409 0.958543 -0.283626
-0.027603 0.958551 -0.283579
-0.048295 0.927216 -0.371401
-0.005330 0.940389 -0.340060
-0.031648 0.944881 -0.325881
-0.031648 0.944881 -0.325881
-0.005330 0.940389 -0.340060
-0.027603 0.958551 -0.283579
0.145930 0.949889 -0.276432
-0.027603 0.958551 -0.283579
-0.005330 0.940389 -0.340060
-0.027603 0.958551 -0.283579
0.145930 0.949889 -0.276432
-0.005165 0.974290 -0.225236
-0.046682 0.906128 -0.420421
-0.048295 0.927216 -0.371401
-0.078119 0.907193 -0.413398
-0.048295 0.927216 -0.371401
-0.046682 0.906128 -0.420421
-0.005330 0.940389 -0.340060
-0.109581 0.878171 -0.465626
-0.078119 0.907193 -0.413398
-0.120269 0.886574 -0.446678
-0.078119 0.907193 -0.413398
-0.109581 0.878171 -0.465626
-0.046682 0.906128 -0.420421
-0.026955 0.817605 -0.575148
-0.046682 0.906128 -0.420421
-0.109581 0.878171 -0.465626
-0.046682 0.906128 -0.420421
-0.026955 0.817605 -0.575148
0.179758 0.878404 -0.442825
-0.046682 0.906128 -0.420421
0.179758 0.878404 -0.442825
-0.005330 0.940389 -0.340060
0.179758 0.878404 -0.442825
0.145930 0.949889 -0.276432
-0.005330 0.940389 -0.340060
-0.026955 0.817605 -0.575148
0.041658 0.750951 -0.659043
0.179758 0.878404 -0.442825
0.179758 0.878404 -0.442825
0.041658 0.750951 -0.659043
0.335533 0.906189 -0.257368
0.348918 0.901303 -0.256728
0.335533 0.906189 -0.257368
0.041658 0.750951 -0.659043
0.335533 0.906189 -0.257368
0.348918 0.901303 -0.256728
0.042952 0.987388 0.152381
0.180866 0.978849 -0.095613
0.335533 0.906189 -0.257368
0.042952 0.987388 0.152381
0.042952 0.987388 0.152381
-0.024607 0.998752 0.043465
0.180866 0.978849 -0.095613
0.335533 0.906189 -0.257368
0.145930 0.949889 -0.276432
0.179758 0.878404 -0.442825
0.145930 0.949889 -0.276432
0.335533 0.906189 -0.257368
0.180866 0.978849 -0.095613
-0.026955 0.817605 -0.575148
-0.176976 0.851259 -0.494002
-0.235566 0.695632 -0.678679
-0.176976 0.851259 -0.494002
-0.026955 0.817605 -0.575148
-0.109581 0.878171 -0.465626
-0.170668 0.868243 -0.465862
-0.176976 0.851259 -0.494002
-0.109581 0.878171 -0.465626
-0.109581 0.878171 -0.465626
-0.120269 0.886574 -0.446678
-0.170668 0.868243 -0.465862
-0.176976 0.851259 -0.494002
-0.223158 0.853931 -0.470108
-0.272297 0.828170 -0.489886
-0.223158 0.853931 -0.470108
-0.176976 0.851259 -0.494002
-0.170668 0.868243 -0.465862
-0.385863 0.721827 -0.574522
-0.235566 0.695632 -0.678679
-0.272297 0.828170 -0.489886
-0.272297 0.828170 -0.489886
-0.235566 0.695632 -0.678679
-0.176976 0.851259 -0.494002
-0.272569 0.844704 -0.460632
-0.312588 0.840969 -0.441656
-0.272297 0.828170 -0.489886
-0.272297 0.828170 -0.489886
-0.223158 0.853931 -0.470108
-0.272569 0.844704 -0.460632
-0.348378 0.840510 -0.414940
-0.312588 0.840969 -0.441656
-0.312559 0.840967 -0.441681
-0.272569 0.844704 -0.460632
-0.312559 0.840967 -0.441681
-0.312588 0.840969 -0.441656
-0.381103 0.845213 -0.374666
-0.373292 0.822565 -0.428998
-0.348378 0.840510 -0.414940
-0.348378 0.840510 -0.414940
-0.373292 0.822565 -0.428998
-0.312588 0.840969 -0.441656
-0.385863 0.721827 -0.574522
-0.312588 0.840969 -0.441656
-0.373292 0.822565 -0.428998
-0.312588 0.840969 -0.441656
-0.385863 0.721827 -0.574522
-0.272297 0.828170 -0.489886
-0.424946 0.837072 -0.344575
-0.381103 0.845213 -0.374666
-0.403889 0.855433 -0.324204
-0.381103 0.845213 -0.374666
-0.424946 0.837072 -0.344575
-0.373292 0.822565 -0.428998
-0.434564 0.860545 -0.265739
-0.403889 0.855433 -0.324204
-0.412681 0.870692 -0.267564
-0.403889 0.855433 -0.324204
-0.434564 0.860545 -0.265739
-0.424946 0.837072 -0.344575
-0.574947 0.780460 -0.245599
-0.424946 0.837072 -0.344575
-0.434564 0.860545 -0.265739
-0.424946 0.837072 -0.344575
-0.574947 0.780460 -0.245599
-0.550387 0.673335 -0.493655
-0.424946 0.837072 -0.344575
-0.550387 0.673335 -0.493655
-0.373292 0.822565 -0.428998
-0.550387 0.673335 -0.493655
-0.385863 0.721827 -0.574522
-0.373292 0.822565 -0.428998
-0.682912 0.695538 -0.223289
-0.550387 0.673335 -0.493655
-0.574947 0.780460 -0.245599
-0.550387 0.673335 -0.493655
-0.682912 0.695538 -0.223289
-0.453898 0.555352 -0.696822
-0.454334 0.545445 -0.704323
-0.453898 0.555352 -0.696822
-0.682912 0.695538 -0.223289
-0.453898 0.555352 -0.696822
-0.454334 0.545445 -0.704323
0.041658 0.750951 -0.659043
-0.026955 0.817605 -0.575148
-0.235566 0.695632 -0.678679
0.041658 0.750951 -0.659043
0.041658 0.750951 -0.659043
-0.235566 0.695632 -0.678679
-0.453898 0.555352 -0.696822
-0.453898 0.555352 -0.696822
-0.385863 0.721827 -0.574522
-0.550387 0.673335 -0.493655
-0.385863 0.721827 -0.574522
-0.453898 0.555352 -0.696822
-0.235566 0.695632 -0.678679
-0.574947 0.780460 -0.245599
-0.426469 0.885292 -0.185424
-0.557825 0.829598 0.024441
-0.426469 0.885292 -0.185424
-0.574947 0.780460 -0.245599
-0.434564 0.860545 -0.265739
-0.404747 0.889653 -0.211416
-0.426469 0.885292 -0.185424
-0.434564 0.860545 -0.265739
-0.404747 0.889653 -0.211416
-0.434564 0.860545 -0.265739
-0.412681 0.870692 -0.267564
-0.426469 0.885292 -0.185424
-0.382634 0.909512 -0.162418
-0.375704 0.920829 -0.104498
-0.382634 0.909512 -0.162418
-0.426469 0.885292 -0.185424
-0.404747 0.889653 -0.211416
-0.557825 0.829598 0.024441
-0.375704 0.920829 -0.104498
-0.391091 0.917220 0.075864
-0.375704 0.920829 -0.104498
-0.557825 0.829598 0.024441
-0.426469 0.885292 -0.185424
-0.314609 0.943919 -0.100192
-0.375704 0.920829 -0.104498
-0.350361 0.928327 -0.124324
-0.375704 0.920829 -0.104498
-0.382634 0.909512 -0.162418
-0.350361 0.928327 -0.124324
-0.274743 0.957828 -0.084152
-0.314609 0.943919 -0.100192
-0.314650 0.943912 -0.100124
-0.350361 0.928327 -0.124324
-0.314650 0.943912 -0.100124
-0.314609 0.943919 -0.100192
-0.225131 0.971158 -0.078543
-0.274132 0.960363 -0.050536
-0.274743 0.957828 -0.084152
-0.274743 0.957828 -0.084152
-0.274132 0.960363 -0.050536
-0.314609 0.943919 -0.100192
-0.391091 0.917220 0.075864
-0.314609 0.943919 -0.100192
-0.274132 0.960363 -0.050536
-0.314609 0.943919 -0.100192
-0.391091 0.917220 0.075864
-0.375704 0.920829 -0.104498
-0.178475 0.982460 -0.054022
-0.225131 0.971158 -0.078543
-0.171955 0.981240 -0.087179
-0.225131 0.971158 -0.078543
-0.178475 0.982460 -0.054022
-0.274132 0.960363 -0.050536
-0.109373 0.989941 -0.089750
-0.171955 0.981240 -0.087179
-0.120728 0.986455 -0.111046
-0.171955 0.981240 -0.087179
-0.109373 0.989941 -0.089750
-0.178475 0.982460 -0.054022
-0.024607 0.998752 0.043465
-0.178475 0.982460 -0.054022
-0.109373 0.989941 -0.089750
-0.178475 0.982460 -0.054022
-0.024607 0.998752 0.043465
-0.238575 0.952807 0.187723
-0.178475 0.982460 -0.054022
-0.238575 0.952807 0.187723
-0.274132 0.960363 -0.050536
-0.238575 0.952807 0.187723
-0.391091 0.917220 0.075864
-0.274132 0.960363 -0.050536
-0.024607 0.998752 0.043465
0.042952 0.987388 0.152381
-0.238575 0.952807 0.187723
-0.238575 0.952807 0.187723
0.042952 0.987388 0.152381
-0.462725 0.843337 0.273255
-0.464278 0.838434 0.285436
-0.462725 0.843337 0.273255
0.042952 0.987388 0.152381
-0.462725 0.843337 0.273255
-0.464278 0.838434 0.285436
-0.682912 0.695538 -0.223289
-0.462725 0.843337 0.273255
-0.682912 0.695538 -0.223289
-0.557825 0.829598 0.024441
-0.682912 0.695538 -0.223289
-0.574947 0.780460 -0.245599
-0.557825 0.829598 0.024441
-0.462725 0.843337 0.273255
-0.391091 0.917220 0.075864
-0.238575 0.952807 0.187723
-0.391091 0.917220 0.075864
-0.462725 0.843337 0.273255
-0.557825 0.829598 0.024441
</float_array>
          <technique_common>
            <accessor source="#ride-Normal0-array" count="288" stride="3">
              <param name="X" type="float"/>
              <param name="Y" type="float"/>
              <param name="Z" type="float"/>
            </accessor>
          </technique_common>
        </source>
        <source id="ride-UV0">
          <float_array id="ride-UV0-array" count="122">
0.064504 0.632152
0.457202 0.632152
0.260853 0.972239
0.260853 0.518790
0.457202 0.858877
0.064504 0.858877
0.260853 0.745515
0.034128 0.745514
0.147491 0.549165
0.260853 0.632152
0.162678 0.802196
0.162678 0.688833
0.374215 0.549165
0.487578 0.745515
0.359028 0.802196
0.359028 0.688833
0.374215 0.941864
0.147491 0.941864
0.260853 0.858877
0.113591 0.830536
0.041854 0.804195
0.098403 0.717174
0.162678 0.745515
0.105997 0.773855
0.041854 0.686834
0.100534 0.585196
0.155084 0.618999
0.102200 0.653916
0.202172 0.526515
0.260853 0.575471
0.211766 0.660493
0.207969 0.597235
0.260853 0.688833
0.211766 0.773855
0.211766 0.717174
0.319534 0.526515
0.366622 0.618999
0.309940 0.660493
0.313737 0.597235
0.421172 0.585196
0.479852 0.686834
0.423303 0.717174
0.419506 0.653916
0.479852 0.804195
0.408115 0.830536
0.359028 0.745515
0.415709 0.773855
0.309940 0.773855
0.309940 0.717174
0.421172 0.905833
0.317534 0.900370
0.309940 0.830536
0.362825 0.865453
0.319534 0.964514
0.202172 0.964514
0.204172 0.900370
0.260853 0.928711
0.100534 0.905833
0.211766 0.830536
0.158881 0.865453
0.260853 0.802196
</float_array>
          <technique_common>
            <accessor source="#ride-UV0-array" count="61" stride="2">
              <param name="S" type="float"/>
              <param name="T" type="float"/>
            </accessor>
          </technique_common>
        </source>
        <vertices id="ride-VERTEX">
          <input semantic="POSITION" source="#ride-POSITION"/>
        </vertices>
        <triangles count="96" material="svgBlinn1">
          <input semantic="VERTEX" offset="0" source="#ride-VERTEX"/>
          <input semantic="NORMAL" offset="1" source="#ride-Normal0"/>
          <input semantic="TEXCOORD" offset="2" set="0" source="#ride-UV0"/>
          <p> 10 0 10 23 1 23 22 2 22 23 3 23 10 4 10 19 5 19 20 6 20 23 7 23 19 8 19 19 9 19 5 10 5 20 11 20 23 12 23 7 13 7 21 14 21 7 15 7 23 16 23 20 17 20 22 18 22 21 19 21 11 20 11 21 21 21 22 22 22 23 23 23 24 24 24 27 25 27 21 26 21 21 27 21 7 28 7 24 29 24 25 30 25 27 31 27 0 32 0 24 33 24 0 34 0 27 35 27 8 36 8 26 37 26 25 38 25 25 39 25 26 40 26 27 41 27 11 42 11 27 43 27 26 44 26 27 45 27 11 46 11 21 47 21 31 48 31 8 49 8 28 50 28 8 51 8 31 52 31 26 53 26 29 54 29 28 55 28 3 56 3 28 57 28 29 58 29 31 59 31 9 60 9 31 61 31 29 62 29 31 63 31 9 64 9 30 65 30 31 66 31 30 67 30 26 68 26 30 69 30 11 70 11 26 71 26 9 72 9 32 73 32 30 74 30 30 75 30 32 76 32 34 77 34 6 78 6 34 79 34 32 80 32 34 81 34 6 82 6 33 83 33 22 84 22 34 85 34 33 86 33 33 87 33 10 88 10 22 89 22 34 90 34 11 91 11 30 92 30 11 93 11 34 94 34 22 95 22 9 96 9 38 97 38 37 98 37 38 99 38 9 100 9 29 101 29 35 102 35 38 103 38 29 104 29 29 105 29 3 106 3 35 107 35 38 108 38 12 109 12 36 110 36 12 111 12 38 112 38 35 113 35 15 114 15 37 115 37 36 116 36 36 117 36 37 118 37 38 119 38 39 120 39 42 121 42 36 122 36 36 123 36 12 124 12 39 125 39 40 126 40 42 127 42 1 128 1 39 129 39 1 130 1 42 131 42 13 132 13 41 133 41 40 134 40 40 135 40 41 136 41 42 137 42 15 138 15 42 139 42 41 140 41 42 141 42 15 142 15 36 143 36 46 144 46 13 145 13 43 146 43 13 147 13 46 148 46 41 149 41 44 150 44 43 151 43 4 152 4 43 153 43 44 154 44 46 155 46 14 156 14 46 157 46 44 158 44 46 159 46 14 160 14 45 161 45 46 162 46 45 163 45 41 164 41 45 165 45 15 166 15 41 167 41 47 168 47 45 169 45 14 170 14 45 171 45 47 172 47 48 173 48 6 174 6 48 175 48 47 176 47 48 177 48 6 178 6 32 179 32 9 180 9 37 181 37 32 182 32 32 183 32 37 184 37 48 185 48 48 186 48 15 187 15 45 188 45 15 189 15 48 190 48 37 191 37 14 192 14 52 193 52 51 194 51 52 195 52 14 196 14 44 197 44 49 198 49 52 199 52 44 200 44 49 201 49 44 202 44 4 203 4 52 204 52 16 205 16 50 206 50 16 207 16 52 208 52 49 209 49 51 210 51 50 211 50 18 212 18 50 213 50 51 214 51 52 215 52 56 216 56 50 217 50 53 218 53 50 219 50 16 220 16 53 221 53 54 222 54 56 223 56 2 224 2 53 225 53 2 226 2 56 227 56 17 228 17 55 229 55 54 230 54 54 231 54 55 232 55 56 233 56 18 234 18 56 235 56 55 236 55 56 237 56 18 238 18 50 239 50 59 240 59 17 241 17 57 242 57 17 243 17 59 244 59 55 245 55 19 246 19 57 247 57 5 248 5 57 249 57 19 250 19 59 251 59 10 252 10 59 253 59 19 254 19 59 255 59 10 256 10 58 257 58 59 258 59 58 259 58 55 260 55 58 261 58 18 262 18 55 263 55 10 264 10 33 265 33 58 266 58 58 267 58 33 268 33 60 269 60 6 270 6 60 271 60 33 272 33 60 273 60 6 274 6 47 275 47 60 276 60 47 277 47 51 278 51 47 279 47 14 280 14 51 281 51 60 282 60 18 283 18 58 284 58 18 285 18 60 286 60 51 287 51</p>
        </triangles>
      </mesh>
    </geometry>
    <geometry id="hihat-lib" name="hihatMesh">
      <mesh>
        <source id="hihat-POSITION">
          <float_array id="hihat-POSITION-array" count="366">
0.290281 0.159264 -0.147799
-0.273741 0.160276 -0.176560
-0.016540 0.159664 0.324359
0.016540 0.159806 -0.324359
-0.290281 0.160205 0.147799
0.273741 0.159194 0.176560
0.000897 0.271819 -0.007003
0.325639 0.159151 0.016605
0.177143 0.159504 -0.272601
0.008464 0.184023 -0.163695
0.137065 0.183718 0.086765
0.145335 0.183753 -0.075415
-0.148495 0.160088 -0.289206
-0.325639 0.160319 -0.016605
-0.144947 0.184223 0.072384
-0.136677 0.184259 -0.089795
-0.177143 0.159966 0.272601
0.148495 0.159382 0.289206
-0.008076 0.183953 0.160664
0.205403 0.171455 0.131662
0.310262 0.159152 0.099990
0.235496 0.172602 -0.029477
0.141303 0.196609 0.004870
0.220467 0.174273 0.050952
0.318824 0.159189 -0.067911
0.241957 0.159372 -0.217615
0.161248 0.172779 -0.174080
0.234625 0.168541 -0.119998
0.100258 0.159652 -0.309009
0.012502 0.171914 -0.244027
0.077002 0.196762 -0.120359
0.086893 0.174591 -0.209194
0.004703 0.230717 -0.085524
0.069003 0.230564 0.039706
0.073138 0.230582 -0.041384
-0.068305 0.159954 -0.317605
-0.142577 0.173324 -0.189572
-0.064003 0.197015 -0.127550
-0.065019 0.174863 -0.216940
-0.218566 0.160198 -0.241098
-0.310262 0.160317 -0.099990
-0.231148 0.173439 -0.053272
-0.221113 0.169358 -0.143237
-0.318824 0.160281 0.067911
-0.217614 0.172214 0.110092
-0.140709 0.197115 -0.009510
-0.224363 0.175071 0.028270
-0.072003 0.230817 0.032516
-0.067868 0.230835 -0.048574
-0.241957 0.160098 0.217615
-0.092600 0.173110 0.216561
-0.076408 0.196962 0.115720
-0.155089 0.174906 0.163186
-0.100258 0.159818 0.309009
0.068305 0.159515 0.317605
0.070219 0.172818 0.224863
-0.013291 0.168864 0.261513
0.218566 0.159272 0.241098
0.064597 0.196709 0.122910
0.137829 0.174381 0.178123
-0.003567 0.230682 0.076656
0.290281 0.112555 0.147799
-0.273741 0.111543 0.176560
-0.016540 0.112155 -0.324359
0.016540 0.112014 0.324359
-0.290281 0.111614 -0.147799
0.273741 0.112626 -0.176560
0.000897 0.000000 0.007003
0.325639 0.112669 -0.016605
0.177143 0.112315 0.272601
0.008464 0.087796 0.163695
0.137065 0.088102 -0.086765
0.145335 0.088066 0.075415
-0.148495 0.111731 0.289206
-0.325639 0.111500 0.016605
-0.144947 0.087596 -0.072384
-0.136677 0.087561 0.089795
-0.177143 0.111854 -0.272601
0.148495 0.112438 -0.289206
-0.008076 0.087867 -0.160664
0.205403 0.100365 -0.131662
0.310262 0.112667 -0.099989
0.235496 0.099217 0.029477
0.141303 0.075210 -0.004870
0.220467 0.097546 -0.050952
0.318824 0.112630 0.067911
0.241957 0.112448 0.217615
0.161248 0.099040 0.174080
0.234625 0.103279 0.119998
0.100258 0.112167 0.309009
0.012502 0.099906 0.244027
0.077002 0.075057 0.120359
0.086893 0.097228 0.209194
0.004703 0.041102 0.085524
0.069003 0.041255 -0.039706
0.073138 0.041237 0.041384
-0.068305 0.111865 0.317605
-0.142577 0.098495 0.189573
-0.064003 0.074804 0.127550
-0.065019 0.096956 0.216940
-0.218566 0.111621 0.241098
-0.310262 0.111502 0.099990
-0.231148 0.098380 0.053272
-0.221113 0.102461 0.143237
-0.318824 0.111539 -0.067911
-0.217614 0.099606 -0.110092
-0.140709 0.074704 0.009510
-0.224363 0.096748 -0.028270
-0.072003 0.041002 -0.032516
-0.067868 0.040985 0.048574
-0.241957 0.111721 -0.217615
-0.092600 0.098710 -0.216561
-0.076408 0.074857 -0.115720
-0.155089 0.096913 -0.163186
-0.100258 0.112002 -0.309009
0.068305 0.112304 -0.317605
0.070219 0.099002 -0.224863
-0.013291 0.102955 -0.261513
0.218566 0.112548 -0.241098
0.064597 0.075110 -0.122910
0.137829 0.097438 -0.178123
-0.003567 0.041137 -0.076656
</float_array>
          <technique_common>
            <accessor source="#hihat-POSITION-array" count="122" stride="3">
              <param name="X" type="float"/>
              <param name="Y" type="float"/>
              <param name="Z" type="float"/>
            </accessor>
          </technique_common>
        </source>
        <source id="hihat-Normal0">
          <float_array id="hihat-Normal0-array" count="1728">
0.232418 0.960732 0.151581
0.164248 0.985735 0.036725
0.334733 0.942233 -0.012270
0.164248 0.985735 0.036725
0.232418 0.960732 0.151581
0.137523 0.986539 0.088477
0.164248 0.985735 0.036725
0.137523 0.986539 0.088477
0.140721 0.989184 0.041387
0.137523 0.986539 0.088477
0.123111 0.989224 0.079248
0.140721 0.989184 0.041387
0.164248 0.985735 0.036725
0.147180 0.989108 0.001728
0.166929 0.985335 -0.035355
0.147180 0.989108 0.001728
0.164248 0.985735 0.036725
0.140721 0.989184 0.041387
0.334733 0.942233 -0.012270
0.166929 0.985335 -0.035355
0.256011 0.957856 -0.130272
0.166929 0.985335 -0.035355
0.334733 0.942233 -0.012270
0.164248 0.985735 0.036725
0.131622 0.989074 -0.066401
0.166929 0.985335 -0.035355
0.143257 0.989039 -0.035778
0.166929 0.985335 -0.035355
0.147180 0.989108 0.001728
0.143257 0.989039 -0.035778
0.131680 0.989066 -0.066404
0.131622 0.989074 -0.066401
0.143257 0.989039 -0.035778
0.114156 0.989004 -0.094016
0.131622 0.989074 -0.066401
0.131680 0.989066 -0.066404
0.127741 0.985261 -0.113765
0.114156 0.989004 -0.094016
0.086463 0.989042 -0.119670
0.127741 0.985261 -0.113765
0.131622 0.989074 -0.066401
0.114156 0.989004 -0.094016
0.256011 0.957856 -0.130272
0.131622 0.989074 -0.066401
0.127741 0.985261 -0.113765
0.131622 0.989074 -0.066401
0.256011 0.957856 -0.130272
0.166929 0.985335 -0.035355
0.068532 0.985545 -0.154931
0.086463 0.989042 -0.119670
0.050584 0.989100 -0.138281
0.086463 0.989042 -0.119670
0.068532 0.985545 -0.154931
0.127741 0.985261 -0.113765
0.050584 0.989100 -0.138281
0.010153 0.986352 -0.164339
0.068532 0.985545 -0.154931
0.010153 0.986352 -0.164339
0.050584 0.989100 -0.138281
0.009245 0.989147 -0.146636
0.016137 0.958633 -0.284186
0.068532 0.985545 -0.154931
0.010153 0.986352 -0.164339
0.068532 0.985545 -0.154931
0.016137 0.958633 -0.284186
0.209677 0.940808 -0.266301
0.256011 0.957856 -0.130272
0.127741 0.985261 -0.113765
0.209677 0.940808 -0.266301
0.068532 0.985545 -0.154931
0.209677 0.940808 -0.266301
0.127741 0.985261 -0.113765
0.021284 0.921930 -0.386770
0.209677 0.940808 -0.266301
0.016137 0.958633 -0.284186
0.021284 0.921930 -0.386770
0.400696 0.892772 -0.205916
0.209677 0.940808 -0.266301
0.408136 0.888799 -0.208475
0.400696 0.892772 -0.205916
0.021284 0.921930 -0.386770
0.400696 0.892772 -0.205916
0.408136 0.888799 -0.208475
0.315053 0.926525 0.205654
0.400696 0.892772 -0.205916
0.315053 0.926525 0.205654
0.334733 0.942233 -0.012270
0.315053 0.926525 0.205654
0.232418 0.960732 0.151581
0.334733 0.942233 -0.012270
0.400696 0.892772 -0.205916
0.256011 0.957856 -0.130272
0.209677 0.940808 -0.266301
0.256011 0.957856 -0.130272
0.400696 0.892772 -0.205916
0.334733 0.942233 -0.012270
0.016137 0.958633 -0.284186
-0.048908 0.985765 -0.160859
-0.178017 0.941629 -0.285736
-0.048908 0.985765 -0.160859
0.016137 0.958633 -0.284186
0.010153 0.986352 -0.164339
-0.048908 0.985765 -0.160859
0.010153 0.986352 -0.164339
-0.032721 0.989255 -0.142489
0.010153 0.986352 -0.164339
0.009245 0.989147 -0.146636
-0.032721 0.989255 -0.142489
-0.048908 0.985765 -0.160859
-0.070278 0.989333 -0.127597
-0.111889 0.985714 -0.125893
-0.070278 0.989333 -0.127597
-0.048908 0.985765 -0.160859
-0.032721 0.989255 -0.142489
-0.178017 0.941629 -0.285736
-0.111889 0.985714 -0.125893
-0.237625 0.958876 -0.155216
-0.111889 0.985714 -0.125893
-0.178017 0.941629 -0.285736
-0.048908 0.985765 -0.160859
-0.120551 0.989542 -0.079205
-0.111889 0.985714 -0.125893
-0.100400 0.989403 -0.104887
-0.111889 0.985714 -0.125893
-0.070278 0.989333 -0.127597
-0.100400 0.989403 -0.104887
-0.120610 0.989534 -0.079214
-0.120551 0.989542 -0.079205
-0.100400 0.989403 -0.104887
-0.135219 0.989556 -0.049945
-0.120551 0.989542 -0.079205
-0.120610 0.989534 -0.079214
-0.158779 0.985948 -0.051919
-0.135219 0.989556 -0.049945
-0.142926 0.989647 -0.013065
-0.158779 0.985948 -0.051919
-0.120551 0.989542 -0.079205
-0.135219 0.989556 -0.049945
-0.237625 0.958876 -0.155216
-0.120551 0.989542 -0.079205
-0.158779 0.985948 -0.051919
-0.120551 0.989542 -0.079205
-0.237625 0.958876 -0.155216
-0.111889 0.985714 -0.125893
-0.163449 0.986350 0.019974
-0.142926 0.989647 -0.013065
-0.140542 0.989706 0.027010
-0.142926 0.989647 -0.013065
-0.163449 0.986350 0.019974
-0.158779 0.985948 -0.051919
-0.140542 0.989706 0.027010
-0.142154 0.987063 0.074150
-0.163449 0.986350 0.019974
-0.142154 0.987063 0.074150
-0.140542 0.989706 0.027010
-0.126899 0.989688 0.066440
-0.242836 0.961710 0.127064
-0.163449 0.986350 0.019974
-0.142154 0.987063 0.074150
-0.163449 0.986350 0.019974
-0.242836 0.961710 0.127064
-0.327807 0.943622 -0.046054
-0.237625 0.958876 -0.155216
-0.158779 0.985948 -0.051919
-0.327807 0.943622 -0.046054
-0.163449 0.986350 0.019974
-0.327807 0.943622 -0.046054
-0.158779 0.985948 -0.051919
-0.330476 0.927949 0.172328
-0.327807 0.943622 -0.046054
-0.242836 0.961710 0.127064
-0.330476 0.927949 0.172328
-0.373608 0.894658 -0.244956
-0.327807 0.943622 -0.046054
-0.380818 0.890710 -0.248220
-0.373608 0.894658 -0.244956
-0.330476 0.927949 0.172328
-0.373608 0.894658 -0.244956
-0.380818 0.890710 -0.248220
0.021284 0.921930 -0.386770
-0.373608 0.894658 -0.244956
0.021284 0.921930 -0.386770
-0.178017 0.941629 -0.285736
0.021284 0.921930 -0.386770
0.016137 0.958633 -0.284186
-0.178017 0.941629 -0.285736
-0.373608 0.894658 -0.244956
-0.237625 0.958876 -0.155216
-0.327807 0.943622 -0.046054
-0.237625 0.958876 -0.155216
-0.373608 0.894658 -0.244956
-0.178017 0.941629 -0.285736
-0.242836 0.961710 0.127064
-0.109883 0.986316 0.122911
-0.149915 0.944924 0.290937
-0.109883 0.986316 0.122911
-0.242836 0.961710 0.127064
-0.142154 0.987063 0.074150
-0.109883 0.986316 0.122911
-0.142154 0.987063 0.074150
-0.102556 0.989669 0.100185
-0.142154 0.987063 0.074150
-0.126899 0.989688 0.066440
-0.102556 0.989669 0.100185
-0.109883 0.986316 0.122911
-0.071430 0.989588 0.124954
-0.049420 0.985968 0.159451
-0.071430 0.989588 0.124954
-0.109883 0.986316 0.122911
-0.102556 0.989669 0.100185
-0.149915 0.944924 0.290937
-0.049420 0.985968 0.159451
-0.012479 0.960358 0.278490
-0.049420 0.985968 0.159451
-0.149915 0.944924 0.290937
-0.109883 0.986316 0.122911
-0.005592 0.989490 0.144492
-0.049420 0.985968 0.159451
-0.037356 0.989493 0.139670
-0.049420 0.985968 0.159451
-0.071430 0.989588 0.124954
-0.037356 0.989493 0.139670
-0.005596 0.989481 0.144554
-0.005592 0.989490 0.144492
-0.037356 0.989493 0.139670
0.026497 0.989375 0.142953
-0.005592 0.989490 0.144492
-0.005596 0.989481 0.144554
0.036482 0.985808 0.163868
0.026497 0.989375 0.142953
0.061907 0.989340 0.131807
0.036482 0.985808 0.163868
-0.005592 0.989490 0.144492
0.026497 0.989375 0.142953
-0.012479 0.960358 0.278490
-0.005592 0.989490 0.144492
0.036482 0.985808 0.163868
-0.005592 0.989490 0.144492
-0.012479 0.960358 0.278490
-0.049420 0.985968 0.159451
0.100387 0.985921 0.133727
0.061907 0.989340 0.131807
0.095424 0.989302 0.110348
0.061907 0.989340 0.131807
0.100387 0.985921 0.133727
0.036482 0.985808 0.163868
0.095424 0.989302 0.110348
0.137523 0.986539 0.088477
0.100387 0.985921 0.133727
0.137523 0.986539 0.088477
0.095424 0.989302 0.110348
0.123111 0.989224 0.079248
0.232418 0.960732 0.151581
0.100387 0.985921 0.133727
0.137523 0.986539 0.088477
0.100387 0.985921 0.133727
0.232418 0.960732 0.151581
0.122977 0.944359 0.305063
-0.012479 0.960358 0.278490
0.036482 0.985808 0.163868
0.122977 0.944359 0.305063
0.100387 0.985921 0.133727
0.122977 0.944359 0.305063
0.036482 0.985808 0.163868
0.315053 0.926525 0.205654
0.122977 0.944359 0.305063
0.232418 0.960732 0.151581
0.315053 0.926525 0.205654
-0.020358 0.901561 0.432172
0.122977 0.944359 0.305063
-0.020840 0.897622 0.440274
-0.020358 0.901561 0.432172
0.315053 0.926525 0.205654
-0.020358 0.901561 0.432172
-0.020840 0.897622 0.440274
-0.330476 0.927949 0.172328
-0.020358 0.901561 0.432172
-0.330476 0.927949 0.172328
-0.149915 0.944924 0.290937
-0.330476 0.927949 0.172328
-0.242836 0.961710 0.127064
-0.149915 0.944924 0.290937
-0.020358 0.901561 0.432172
-0.012479 0.960358 0.278490
0.122977 0.944359 0.305063
-0.012479 0.960358 0.278490
-0.020358 0.901561 0.432172
-0.149915 0.944924 0.290937
-0.164248 0.985735 0.036725
-0.232418 0.960732 0.151581
-0.334733 0.942233 -0.012270
-0.232418 0.960732 0.151581
-0.164248 0.985735 0.036725
-0.137523 0.986539 0.088477
-0.140721 0.989184 0.041387
-0.123111 0.989224 0.079248
-0.137523 0.986539 0.088477
-0.140721 0.989184 0.041387
-0.137523 0.986539 0.088477
-0.164248 0.985735 0.036725
-0.147180 0.989108 0.001728
-0.164248 0.985735 0.036725
-0.166929 0.985335 -0.035355
-0.164248 0.985735 0.036725
-0.147180 0.989108 0.001728
-0.140721 0.989184 0.041387
-0.164248 0.985735 0.036725
-0.334733 0.942233 -0.012270
-0.166929 0.985335 -0.035355
-0.256011 0.957856 -0.130272
-0.166929 0.985335 -0.035355
-0.334733 0.942233 -0.012270
-0.143257 0.989039 -0.035778
-0.166929 0.985335 -0.035355
-0.131622 0.989074 -0.066401
-0.143257 0.989039 -0.035778
-0.147180 0.989108 0.001728
-0.166929 0.985335 -0.035355
-0.131622 0.989074 -0.066401
-0.131681 0.989066 -0.066404
-0.143257 0.989039 -0.035778
-0.131681 0.989066 -0.066404
-0.131622 0.989074 -0.066401
-0.114156 0.989004 -0.094016
-0.131622 0.989074 -0.066401
-0.127741 0.985261 -0.113765
-0.114156 0.989004 -0.094016
-0.114156 0.989004 -0.094016
-0.127741 0.985261 -0.113765
-0.086463 0.989042 -0.119670
-0.131622 0.989074 -0.066401
-0.256011 0.957856 -0.130272
-0.127741 0.985261 -0.113765
-0.256011 0.957856 -0.130272
-0.131622 0.989074 -0.066401
-0.166929 0.985335 -0.035355
-0.086463 0.989042 -0.119670
-0.068533 0.985545 -0.154931
-0.050584 0.989100 -0.138281
-0.068533 0.985545 -0.154931
-0.086463 0.989042 -0.119670
-0.127741 0.985261 -0.113765
-0.009245 0.989147 -0.146636
-0.050584 0.989100 -0.138281
-0.010153 0.986352 -0.164339
-0.050584 0.989100 -0.138281
-0.068533 0.985545 -0.154931
-0.010153 0.986352 -0.164339
-0.068533 0.985545 -0.154931
-0.016138 0.958633 -0.284186
-0.010153 0.986352 -0.164339
-0.016138 0.958633 -0.284186
-0.068533 0.985545 -0.154931
-0.209677 0.940808 -0.266301
-0.127741 0.985261 -0.113765
-0.209677 0.940808 -0.266301
-0.068533 0.985545 -0.154931
-0.127741 0.985261 -0.113765
-0.256011 0.957856 -0.130272
-0.209677 0.940808 -0.266301
-0.400696 0.892772 -0.205916
-0.021284 0.921931 -0.386770
-0.209677 0.940808 -0.266301
-0.016138 0.958633 -0.284186
-0.209677 0.940808 -0.266301
-0.021284 0.921931 -0.386770
-0.400696 0.892772 -0.205916
-0.408136 0.888798 -0.208475
-0.021284 0.921931 -0.386770
-0.408136 0.888798 -0.208475
-0.400696 0.892772 -0.205916
-0.315053 0.926525 0.205654
-0.334733 0.942233 -0.012270
-0.315053 0.926525 0.205654
-0.400696 0.892772 -0.205916
-0.334733 0.942233 -0.012270
-0.232418 0.960732 0.151581
-0.315053 0.926525 0.205654
-0.256011 0.957856 -0.130272
-0.400696 0.892772 -0.205916
-0.209677 0.940808 -0.266301
-0.400696 0.892772 -0.205916
-0.256011 0.957856 -0.130272
-0.334733 0.942233 -0.012270
0.048908 0.985765 -0.160859
-0.016138 0.958633 -0.284186
0.178017 0.941629 -0.285736
-0.016138 0.958633 -0.284186
0.048908 0.985765 -0.160859
-0.010153 0.986352 -0.164339
0.032721 0.989255 -0.142489
-0.009245 0.989147 -0.146636
-0.010153 0.986352 -0.164339
0.032721 0.989255 -0.142489
-0.010153 0.986352 -0.164339
0.048908 0.985765 -0.160859
0.070278 0.989333 -0.127597
0.048908 0.985765 -0.160859
0.111889 0.985714 -0.125893
0.048908 0.985765 -0.160859
0.070278 0.989333 -0.127597
0.032721 0.989255 -0.142489
0.048908 0.985765 -0.160859
0.178017 0.941629 -0.285736
0.111889 0.985714 -0.125893
0.237625 0.958875 -0.155216
0.111889 0.985714 -0.125893
0.178017 0.941629 -0.285736
0.100400 0.989403 -0.104887
0.111889 0.985714 -0.125893
0.120551 0.989542 -0.079205
0.100400 0.989403 -0.104887
0.070278 0.989333 -0.127597
0.111889 0.985714 -0.125893
0.120551 0.989542 -0.079205
0.120610 0.989534 -0.079214
0.100400 0.989403 -0.104887
0.120610 0.989534 -0.079214
0.120551 0.989542 -0.079205
0.135219 0.989556 -0.049945
0.120551 0.989542 -0.079205
0.158779 0.985948 -0.051919
0.135219 0.989556 -0.049945
0.135219 0.989556 -0.049945
0.158779 0.985948 -0.051919
0.142926 0.989647 -0.013065
0.120551 0.989542 -0.079205
0.237625 0.958875 -0.155216
0.158779 0.985948 -0.051919
0.237625 0.958875 -0.155216
0.120551 0.989542 -0.079205
0.111889 0.985714 -0.125893
0.142926 0.989647 -0.013065
0.163449 0.986350 0.019974
0.140542 0.989706 0.027010
0.163449 0.986350 0.019974
0.142926 0.989647 -0.013065
0.158779 0.985948 -0.051919
0.126900 0.989688 0.066440
0.140542 0.989706 0.027010
0.142154 0.987063 0.074150
0.140542 0.989706 0.027010
0.163449 0.986350 0.019974
0.142154 0.987063 0.074150
0.163449 0.986350 0.019974
0.242836 0.961709 0.127064
0.142154 0.987063 0.074150
0.242836 0.961709 0.127064
0.163449 0.986350 0.019974
0.327807 0.943622 -0.046054
0.158779 0.985948 -0.051919
0.327807 0.943622 -0.046054
0.163449 0.986350 0.019974
0.158779 0.985948 -0.051919
0.237625 0.958875 -0.155216
0.327807 0.943622 -0.046054
0.373608 0.894658 -0.244956
0.330476 0.927949 0.172328
0.327807 0.943622 -0.046054
0.242836 0.961709 0.127064
0.327807 0.943622 -0.046054
0.330476 0.927949 0.172328
0.373608 0.894658 -0.244956
0.380818 0.890710 -0.248220
0.330476 0.927949 0.172328
0.380818 0.890710 -0.248220
0.373608 0.894658 -0.244956
-0.021284 0.921931 -0.386770
0.178017 0.941629 -0.285736
-0.021284 0.921931 -0.386770
0.373608 0.894658 -0.244956
0.178017 0.941629 -0.285736
-0.016138 0.958633 -0.284186
-0.021284 0.921931 -0.386770
0.237625 0.958875 -0.155216
0.373608 0.894658 -0.244956
0.327807 0.943622 -0.046054
0.373608 0.894658 -0.244956
0.237625 0.958875 -0.155216
0.178017 0.941629 -0.285736
0.109883 0.986316 0.122911
0.242836 0.961709 0.127064
0.149916 0.944924 0.290937
0.242836 0.961709 0.127064
0.109883 0.986316 0.122911
0.142154 0.987063 0.074150
0.102556 0.989669 0.100185
0.126900 0.989688 0.066440
0.142154 0.987063 0.074150
0.102556 0.989669 0.100185
0.142154 0.987063 0.074150
0.109883 0.986316 0.122911
0.071430 0.989588 0.124954
0.109883 0.986316 0.122911
0.049420 0.985968 0.159451
0.109883 0.986316 0.122911
0.071430 0.989588 0.124954
0.102556 0.989669 0.100185
0.109883 0.986316 0.122911
0.149916 0.944924 0.290937
0.049420 0.985968 0.159451
0.012479 0.960358 0.278490
0.049420 0.985968 0.159451
0.149916 0.944924 0.290937
0.037356 0.989493 0.139669
0.049420 0.985968 0.159451
0.005592 0.989490 0.144492
0.037356 0.989493 0.139669
0.071430 0.989588 0.124954
0.049420 0.985968 0.159451
0.005592 0.989490 0.144492
0.005596 0.989481 0.144554
0.037356 0.989493 0.139669
0.005596 0.989481 0.144554
0.005592 0.989490 0.144492
-0.026497 0.989375 0.142953
0.005592 0.989490 0.144492
-0.036482 0.985808 0.163868
-0.026497 0.989375 0.142953
-0.026497 0.989375 0.142953
-0.036482 0.985808 0.163868
-0.061907 0.989340 0.131807
0.005592 0.989490 0.144492
0.012479 0.960358 0.278490
-0.036482 0.985808 0.163868
0.012479 0.960358 0.278490
0.005592 0.989490 0.144492
0.049420 0.985968 0.159451
-0.061907 0.989340 0.131807
-0.100387 0.985921 0.133727
-0.095424 0.989302 0.110349
-0.100387 0.985921 0.133727
-0.061907 0.989340 0.131807
-0.036482 0.985808 0.163868
-0.123111 0.989224 0.079248
-0.095424 0.989302 0.110349
-0.137523 0.986539 0.088477
-0.095424 0.989302 0.110349
-0.100387 0.985921 0.133727
-0.137523 0.986539 0.088477
-0.100387 0.985921 0.133727
-0.232418 0.960732 0.151581
-0.137523 0.986539 0.088477
-0.232418 0.960732 0.151581
-0.100387 0.985921 0.133727
-0.122977 0.944359 0.305063
-0.036482 0.985808 0.163868
0.012479 0.960358 0.278490
-0.122977 0.944359 0.305063
-0.036482 0.985808 0.163868
-0.122977 0.944359 0.305063
-0.100387 0.985921 0.133727
0.020358 0.901561 0.432172
-0.315053 0.926525 0.205654
-0.122977 0.944359 0.305063
-0.232418 0.960732 0.151581
-0.122977 0.944359 0.305063
-0.315053 0.926525 0.205654
0.020358 0.901561 0.432172
0.020840 0.897622 0.440274
-0.315053 0.926525 0.205654
0.020840 0.897622 0.440274
0.020358 0.901561 0.432172
0.330476 0.927949 0.172328
0.149916 0.944924 0.290937
0.330476 0.927949 0.172328
0.020358 0.901561 0.432172
0.149916 0.944924 0.290937
0.242836 0.961709 0.127064
0.330476 0.927949 0.172328
0.012479 0.960358 0.278490
0.020358 0.901561 0.432172
-0.122977 0.944359 0.305063
0.020358 0.901561 0.432172
0.012479 0.960358 0.278490
0.149916 0.944924 0.290937
</float_array>
          <technique_common>
            <accessor source="#hihat-Normal0-array" count="576" stride="3">
              <param name="X" type="float"/>
              <param name="Y" type="float"/>
              <param name="Z" type="float"/>
            </accessor>
          </technique_common>
        </source>
        <source id="hihat-UV0">
          <float_array id="hihat-UV0-array" count="244">
0.546135 0.151470
0.938833 0.151470
0.742484 0.491557
0.742484 0.038107
0.938833 0.378195
0.546135 0.378195
0.742484 0.264832
0.515759 0.264832
0.629122 0.068483
0.742484 0.151470
0.644309 0.321513
0.644309 0.208151
0.855846 0.068483
0.969209 0.264832
0.840659 0.321514
0.840659 0.208151
0.855846 0.461182
0.629122 0.461182
0.742484 0.378195
0.595222 0.349854
0.523485 0.323513
0.580034 0.236492
0.644309 0.264832
0.587628 0.293173
0.523485 0.206152
0.582165 0.104514
0.636716 0.138317
0.583831 0.173234
0.683803 0.045833
0.742484 0.094789
0.693397 0.179811
0.689600 0.116553
0.742484 0.208151
0.693397 0.293173
0.693397 0.236492
0.801165 0.045833
0.848252 0.138317
0.791571 0.179811
0.795368 0.116553
0.902803 0.104514
0.961483 0.206152
0.904934 0.236492
0.901137 0.173234
0.961483 0.323513
0.889746 0.349854
0.840659 0.264832
0.897340 0.293173
0.791571 0.293173
0.791571 0.236492
0.902803 0.425151
0.799165 0.419688
0.791571 0.349854
0.844456 0.384771
0.801165 0.483832
0.683803 0.483832
0.685803 0.419688
0.742484 0.448029
0.582165 0.425151
0.693397 0.349854
0.640512 0.384771
0.742484 0.321513
0.262440 0.165939
0.294397 0.111041
0.350367 0.121488
0.319232 0.168878
0.328403 0.048771
0.381502 0.074097
0.238621 0.100619
0.270578 0.038107
0.206764 0.163143
0.175848 0.101223
0.211968 0.042833
0.108152 0.096138
0.156568 0.062627
0.138343 0.152108
0.070021 0.141085
0.113992 0.203671
0.044773 0.194403
0.089836 0.255259
0.034128 0.252459
0.175597 0.210530
0.145545 0.258059
0.230364 0.213210
0.199754 0.260668
0.286598 0.216077
0.254206 0.263307
0.170611 0.308314
0.108621 0.309018
0.038812 0.311297
0.127599 0.362802
0.058506 0.366906
0.196792 0.358711
0.159732 0.417265
0.091868 0.415498
0.189723 0.479087
0.136623 0.453761
0.222120 0.424224
0.247548 0.489751
0.278667 0.419519
0.306157 0.485025
0.335408 0.414838
0.361558 0.465231
0.252468 0.361507
0.309259 0.364446
0.225378 0.310993
0.281612 0.313861
0.339311 0.316916
0.372228 0.371479
0.409973 0.431720
0.409242 0.328145
0.448104 0.386773
0.370479 0.269529
0.440415 0.273146
0.473352 0.333455
0.479313 0.216561
0.483997 0.275399
0.414999 0.215234
0.459619 0.160952
0.382586 0.168348
0.426258 0.112360
0.344297 0.219132
0.312221 0.266403
</float_array>
          <technique_common>
            <accessor source="#hihat-UV0-array" count="122" stride="2">
              <param name="S" type="float"/>
              <param name="T" type="float"/>
            </accessor>
          </technique_common>
        </source>
        <vertices id="hihat-VERTEX">
          <input semantic="POSITION" source="#hihat-POSITION"/>
        </vertices>
        <triangles count="192" material="svgBlinn1">
          <input semantic="VERTEX" offset="0" source="#hihat-VERTEX"/>
          <input semantic="NORMAL" offset="1" source="#hihat-Normal0"/>
          <input semantic="TEXCOORD" offset="2" set="0" source="#hihat-UV0"/>
          <p> 10 0 10 23 1 23 22 2 22 23 3 23 10 4 10 19 5 19 23 6 23 19 7 19 20 8 20 19 9 19 5 10 5 20 11 20 23 12 23 7 13 7 21 14 21 7 15 7 23 16 23 20 17 20 22 18 22 21 19 21 11 20 11 21 21 21 22 22 22 23 23 23 27 24 27 21 25 21 24 26 24 21 27 21 7 28 7 24 29 24 0 30 0 27 31 27 24 32 24 25 33 25 27 34 27 0 35 0 26 36 26 25 37 25 8 38 8 26 39 26 27 40 27 25 41 25 11 42 11 27 43 27 26 44 26 27 45 27 11 46 11 21 47 21 31 48 31 8 49 8 28 50 28 8 51 8 31 52 31 26 53 26 28 54 28 29 55 29 31 56 31 29 57 29 28 58 28 3 59 3 9 60 9 31 61 31 29 62 29 31 63 31 9 64 9 30 65 30 11 66 11 26 67 26 30 68 30 31 69 31 30 70 30 26 71 26 32 72 32 30 73 30 9 74 9 32 75 32 34 76 34 30 77 30 6 78 6 34 79 34 32 80 32 34 81 34 6 82 6 33 83 33 34 84 34 33 85 33 22 86 22 33 87 33 10 88 10 22 89 22 34 90 34 11 91 11 30 92 30 11 93 11 34 94 34 22 95 22 9 96 9 38 97 38 37 98 37 38 99 38 9 100 9 29 101 29 38 102 38 29 103 29 35 104 35 29 105 29 3 106 3 35 107 35 38 108 38 12 109 12 36 110 36 12 111 12 38 112 38 35 113 35 37 114 37 36 115 36 15 116 15 36 117 36 37 118 37 38 119 38 42 120 42 36 121 36 39 122 39 36 123 36 12 124 12 39 125 39 1 126 1 42 127 42 39 128 39 40 129 40 42 130 42 1 131 1 41 132 41 40 133 40 13 134 13 41 135 41 42 136 42 40 137 40 15 138 15 42 139 42 41 140 41 42 141 42 15 142 15 36 143 36 46 144 46 13 145 13 43 146 43 13 147 13 46 148 46 41 149 41 43 150 43 44 151 44 46 152 46 44 153 44 43 154 43 4 155 4 14 156 14 46 157 46 44 158 44 46 159 46 14 160 14 45 161 45 15 162 15 41 163 41 45 164 45 46 165 46 45 166 45 41 167 41 47 168 47 45 169 45 14 170 14 47 171 47 48 172 48 45 173 45 6 174 6 48 175 48 47 176 47 48 177 48 6 178 6 32 179 32 48 180 48 32 181 32 37 182 37 32 183 32 9 184 9 37 185 37 48 186 48 15 187 15 45 188 45 15 189 15 48 190 48 37 191 37 14 192 14 52 193 52 51 194 51 52 195 52 14 196 14 44 197 44 52 198 52 44 199 44 49 200 49 44 201 44 4 202 4 49 203 49 52 204 52 16 205 16 50 206 50 16 207 16 52 208 52 49 209 49 51 210 51 50 211 50 18 212 18 50 213 50 51 214 51 52 215 52 56 216 56 50 217 50 53 218 53 50 219 50 16 220 16 53 221 53 2 222 2 56 223 56 53 224 53 54 225 54 56 226 56 2 227 2 55 228 55 54 229 54 17 230 17 55 231 55 56 232 56 54 233 54 18 234 18 56 235 56 55 236 55 56 237 56 18 238 18 50 239 50 59 240 59 17 241 17 57 242 57 17 243 17 59 244 59 55 245 55 57 246 57 19 247 19 59 248 59 19 249 19 57 250 57 5 251 5 10 252 10 59 253 59 19 254 19 59 255 59 10 256 10 58 257 58 18 258 18 55 259 55 58 260 58 59 261 59 58 262 58 55 263 55 33 264 33 58 265 58 10 266 10 33 267 33 60 268 60 58 269 58 6 270 6 60 271 60 33 272 33 60 273 60 6 274 6 47 275 47 60 276 60 47 277 47 51 278 51 47 279 47 14 280 14 51 281 51 60 282 60 18 283 18 58 284 58 18 285 18 60 286 60 51 287 51 84 288 62 71 289 64 83 290 61 71 291 64 84 292 62 80 293 63 81 294 65 66 295 66 80 296 63 81 297 65 80 298 63 84 299 62 68 300 68 84 301 62 82 302 67 84 303 62 68 304 68 81 305 65 84 306 62 83 307 61 82 308 67 72 309 69 82 310 67 83 311 61 85 312 71 82 313 67 88 314 70 85 315 71 68 316 68 82 317 67 88 318 70 61 319 73 85 320 71 61 321 73 88 322 70 86 323 72 88 324 70 87 325 74 86 326 72 86 327 72 87 328 74 69 329 75 88 330 70 72 331 69 87 332 74 72 333 69 88 334 70 82 335 67 69 336 75 92 337 76 89 338 77 92 339 76 69 340 75 87 341 74 64 342 79 89 343 77 90 344 78 89 345 77 92 346 76 90 347 78 92 348 76 70 349 81 90 350 78 70 351 81 92 352 76 91 353 80 87 354 74 91 355 80 92 356 76 87 357 74 72 358 69 91 359 80 95 360 82 93 361 83 91 362 80 70 363 81 91 364 80 93 365 83 95 366 82 67 367 85 93 368 83 67 369 85 95 370 82 94 371 84 83 372 61 94 373 84 95 374 82 83 375 61 71 376 64 94 377 84 72 378 69 95 379 82 91 380 80 95 381 82 72 382 69 83 383 61 99 384 87 70 385 81 98 386 86 70 387 81 99 388 87 90 389 78 96 390 88 64 391 79 90 392 78 96 393 88 90 394 78 99 395 87 73 396 90 99 397 87 97 398 89 99 399 87 73 400 90 96 401 88 99 402 87 98 403 86 97 404 89 76 405 91 97 406 89 98 407 86 100 408 93 97 409 89 103 410 92 100 411 93 73 412 90 97 413 89 103 414 92 62 415 95 100 416 93 62 417 95 103 418 92 101 419 94 103 420 92 102 421 96 101 422 94 101 423 94 102 424 96 74 425 97 103 426 92 76 427 91 102 428 96 76 429 91 103 430 92 97 431 89 74 432 97 107 433 98 104 434 99 107 435 98 74 436 97 102 437 96 65 438 101 104 439 99 105 440 100 104 441 99 107 442 98 105 443 100 107 444 98 75 445 103 105 446 100 75 447 103 107 448 98 106 449 102 102 450 96 106 451 102 107 452 98 102 453 96 76 454 91 106 455 102 109 456 104 108 457 105 106 458 102 75 459 103 106 460 102 108 461 105 109 462 104 67 463 85 108 464 105 67 465 85 109 466 104 93 467 83 98 468 86 93 469 83 109 470 104 98 471 86 70 472 81 93 473 83 76 474 91 109 475 104 106 476 102 109 477 104 76 478 91 98 479 86 113 480 107 75 481 103 112 482 106 75 483 103 113 484 107 105 485 100 110 486 108 65 487 101 105 488 100 110 489 108 105 490 100 113 491 107 77 492 110 113 493 107 111 494 109 113 495 107 77 496 110 110 497 108 113 498 107 112 499 106 111 500 109 79 501 111 111 502 109 112 503 106 114 504 113 111 505 109 117 506 112 114 507 113 77 508 110 111 509 109 117 510 112 63 511 115 114 512 113 63 513 115 117 514 112 115 515 114 117 516 112 116 517 116 115 518 114 115 519 114 116 520 116 78 521 117 117 522 112 79 523 111 116 524 116 79 525 111 117 526 112 111 527 109 78 528 117 120 529 118 118 530 119 120 531 118 78 532 117 116 533 116 66 534 66 118 535 119 80 536 63 118 537 119 120 538 118 80 539 63 120 540 118 71 541 64 80 542 63 71 543 64 120 544 118 119 545 120 116 546 116 79 547 111 119 548 120 116 549 116 119 550 120 120 551 118 121 552 121 94 553 84 119 554 120 71 555 64 119 556 120 94 557 84 121 558 121 67 559 85 94 560 84 67 561 85 121 562 121 108 563 105 112 564 106 108 565 105 121 566 121 112 567 106 75 568 103 108 569 105 79 570 111 121 571 121 119 572 120 121 573 121 79 574 111 112 575 106</p>
        </triangles>
      </mesh>
    </geometry>
    <geometry id="crash-lib" name="crashMesh">
      <mesh>
        <source id="crash-POSITION">
          <float_array id="crash-POSITION-array" count="183">
-0.306308 0.187901 -0.020230
0.173895 0.002684 -0.257256
0.188111 0.160504 0.277485
-0.150979 0.073556 -0.277485
0.343440 0.046158 0.020230
-0.136763 0.231375 0.257256
0.066460 0.262104 -0.039999
-0.258679 0.223965 0.136847
-0.266887 0.132847 -0.171886
-0.055843 0.126684 -0.147398
-0.048735 0.205594 0.119973
-0.133507 0.183857 -0.018770
0.010358 0.025913 -0.308733
0.295811 0.010095 -0.136847
0.191366 0.112986 0.001460
0.106594 0.091249 -0.137283
0.304019 0.101212 0.171886
0.026774 0.208147 0.308733
0.113702 0.170158 0.130088
-0.092749 0.218484 0.188614
-0.205351 0.231573 0.204003
-0.195602 0.205400 0.058628
-0.085620 0.211389 0.046007
-0.143216 0.214847 0.122820
-0.293114 0.209069 0.060366
-0.297362 0.161903 -0.099446
-0.199706 0.159841 -0.095739
-0.240011 0.186184 -0.019624
-0.216958 0.102714 -0.232612
-0.103411 0.100119 -0.212441
-0.089174 0.171934 -0.087678
-0.150599 0.132885 -0.154891
0.006503 0.198012 -0.094696
0.010057 0.237467 0.038989
-0.032329 0.226599 -0.030382
-0.073446 0.047360 -0.303449
0.058968 0.060070 -0.223419
0.030877 0.125630 -0.146935
-0.021263 0.083000 -0.218731
0.094721 0.010675 -0.292977
0.242483 0.002487 -0.204003
0.201694 0.052161 -0.137476
0.147999 0.036527 -0.211144
0.330245 0.024990 -0.060366
0.267403 0.079571 0.010845
0.154481 0.118781 -0.072506
0.235507 0.068771 -0.064116
0.130108 0.191163 -0.020267
0.087722 0.180295 -0.089639
0.334494 0.072156 0.099446
0.209352 0.137174 0.150576
0.158035 0.158235 0.061179
0.239337 0.111278 0.079910
0.254090 0.131346 0.232612
0.110578 0.186699 0.303449
0.070730 0.190642 0.219000
0.159486 0.164047 0.220934
-0.057589 0.223385 0.292977
0.037985 0.204540 0.120436
-0.010051 0.207468 0.203006
0.091276 0.219750 0.044047
</float_array>
          <technique_common>
            <accessor source="#crash-POSITION-array" count="61" stride="3">
              <param name="X" type="float"/>
              <param name="Y" type="float"/>
              <param name="Z" type="float"/>
            </accessor>
          </technique_common>
        </source>
        <source id="crash-Normal0">
          <float_array id="crash-Normal0-array" count="864">
0.046220 0.988971 -0.140714
0.024607 0.998752 0.043465
-0.180866 0.978849 -0.095613
0.024607 0.998752 0.043465
0.046220 0.988971 -0.140714
0.109373 0.989941 -0.089750
0.078024 0.985807 -0.148652
0.109373 0.989941 -0.089750
0.046220 0.988971 -0.140714
0.109373 0.989941 -0.089750
0.078024 0.985807 -0.148652
0.120728 0.986455 -0.111046
0.048013 0.979845 -0.193902
0.046220 0.988971 -0.140714
0.005165 0.974290 -0.225236
0.046220 0.988971 -0.140714
0.048013 0.979845 -0.193902
0.078024 0.985807 -0.148652
-0.145930 0.949889 -0.276432
0.005165 0.974290 -0.225236
-0.180866 0.978849 -0.095613
0.005165 0.974290 -0.225236
0.046220 0.988971 -0.140714
-0.180866 0.978849 -0.095613
0.027603 0.958551 -0.283579
0.031509 0.969989 -0.241098
0.005165 0.974290 -0.225236
0.005165 0.974290 -0.225236
0.031509 0.969989 -0.241098
0.048013 0.979845 -0.193902
0.027409 0.958543 -0.283626
0.027603 0.958551 -0.283579
0.031648 0.944881 -0.325881
0.027603 0.958551 -0.283579
0.027409 0.958543 -0.283626
0.031509 0.969989 -0.241098
0.005330 0.940389 -0.340060
0.048295 0.927216 -0.371401
0.031648 0.944881 -0.325881
0.031648 0.944881 -0.325881
0.027603 0.958551 -0.283579
0.005330 0.940389 -0.340060
0.027603 0.958551 -0.283579
-0.145930 0.949889 -0.276432
0.005330 0.940389 -0.340060
-0.145930 0.949889 -0.276432
0.027603 0.958551 -0.283579
0.005165 0.974290 -0.225236
0.048295 0.927216 -0.371401
0.046682 0.906128 -0.420421
0.078119 0.907193 -0.413398
0.046682 0.906128 -0.420421
0.048295 0.927216 -0.371401
0.005330 0.940389 -0.340060
0.109581 0.878171 -0.465626
0.120269 0.886574 -0.446678
0.078119 0.907193 -0.413398
0.078119 0.907193 -0.413398
0.046682 0.906128 -0.420421
0.109581 0.878171 -0.465626
0.046682 0.906128 -0.420421
0.026954 0.817605 -0.575148
0.109581 0.878171 -0.465626
0.026954 0.817605 -0.575148
0.046682 0.906128 -0.420421
-0.179758 0.878404 -0.442825
0.005330 0.940389 -0.340060
-0.179758 0.878404 -0.442825
0.046682 0.906128 -0.420421
-0.179758 0.878404 -0.442825
0.005330 0.940389 -0.340060
-0.145930 0.949889 -0.276432
0.026954 0.817605 -0.575148
-0.179758 0.878404 -0.442825
-0.041658 0.750951 -0.659043
-0.179758 0.878404 -0.442825
-0.335533 0.906189 -0.257368
-0.041658 0.750951 -0.659043
-0.335533 0.906189 -0.257368
-0.348918 0.901303 -0.256728
-0.041658 0.750951 -0.659043
-0.348918 0.901303 -0.256728
-0.335533 0.906189 -0.257368
-0.042952 0.987388 0.152382
-0.335533 0.906189 -0.257368
-0.180866 0.978849 -0.095613
-0.042952 0.987388 0.152382
-0.042952 0.987388 0.152382
-0.180866 0.978849 -0.095613
0.024607 0.998752 0.043465
-0.145930 0.949889 -0.276432
-0.335533 0.906189 -0.257368
-0.179758 0.878404 -0.442825
-0.335533 0.906189 -0.257368
-0.145930 0.949889 -0.276432
-0.180866 0.978849 -0.095613
0.176975 0.851259 -0.494002
0.026954 0.817605 -0.575148
0.235566 0.695632 -0.678679
0.026954 0.817605 -0.575148
0.176975 0.851259 -0.494002
0.109581 0.878171 -0.465626
0.176975 0.851259 -0.494002
0.170668 0.868243 -0.465862
0.109581 0.878171 -0.465626
0.109581 0.878171 -0.465626
0.170668 0.868243 -0.465862
0.120269 0.886574 -0.446678
0.223158 0.853932 -0.470108
0.176975 0.851259 -0.494002
0.272297 0.828170 -0.489886
0.176975 0.851259 -0.494002
0.223158 0.853932 -0.470108
0.170668 0.868243 -0.465862
0.385863 0.721827 -0.574522
0.272297 0.828170 -0.489886
0.235566 0.695632 -0.678679
0.272297 0.828170 -0.489886
0.176975 0.851259 -0.494002
0.235566 0.695632 -0.678679
0.312588 0.840969 -0.441656
0.272569 0.844704 -0.460632
0.272297 0.828170 -0.489886
0.272297 0.828170 -0.489886
0.272569 0.844704 -0.460632
0.223158 0.853932 -0.470108
0.312559 0.840967 -0.441681
0.312588 0.840969 -0.441656
0.348378 0.840510 -0.414940
0.312588 0.840969 -0.441656
0.312559 0.840967 -0.441681
0.272569 0.844704 -0.460632
0.373292 0.822565 -0.428998
0.381103 0.845213 -0.374666
0.348378 0.840510 -0.414940
0.348378 0.840510 -0.414940
0.312588 0.840969 -0.441656
0.373292 0.822565 -0.428998
0.312588 0.840969 -0.441656
0.385863 0.721827 -0.574522
0.373292 0.822565 -0.428998
0.385863 0.721827 -0.574522
0.312588 0.840969 -0.441656
0.272297 0.828170 -0.489886
0.381103 0.845213 -0.374666
0.424946 0.837072 -0.344575
0.403889 0.855433 -0.324204
0.424946 0.837072 -0.344575
0.381103 0.845213 -0.374666
0.373292 0.822565 -0.428998
0.434564 0.860544 -0.265739
0.412682 0.870691 -0.267564
0.403889 0.855433 -0.324204
0.403889 0.855433 -0.324204
0.424946 0.837072 -0.344575
0.434564 0.860544 -0.265739
0.424946 0.837072 -0.344575
0.574947 0.780460 -0.245599
0.434564 0.860544 -0.265739
0.574947 0.780460 -0.245599
0.424946 0.837072 -0.344575
0.550387 0.673334 -0.493655
0.424946 0.837072 -0.344575
0.373292 0.822565 -0.428998
0.550387 0.673334 -0.493655
0.550387 0.673334 -0.493655
0.373292 0.822565 -0.428998
0.385863 0.721827 -0.574522
0.682912 0.695538 -0.223289
0.574947 0.780460 -0.245599
0.550387 0.673334 -0.493655
0.682912 0.695538 -0.223289
0.550387 0.673334 -0.493655
0.453898 0.555352 -0.696821
0.454334 0.545445 -0.704323
0.453898 0.555352 -0.696821
-0.041658 0.750951 -0.659043
0.453898 0.555352 -0.696821
0.454334 0.545445 -0.704323
0.682912 0.695538 -0.223289
0.026954 0.817605 -0.575148
-0.041658 0.750951 -0.659043
0.235566 0.695632 -0.678679
-0.041658 0.750951 -0.659043
0.453898 0.555352 -0.696821
0.235566 0.695632 -0.678679
0.453898 0.555352 -0.696821
0.385863 0.721827 -0.574522
0.235566 0.695632 -0.678679
0.385863 0.721827 -0.574522
0.453898 0.555352 -0.696821
0.550387 0.673334 -0.493655
0.426469 0.885292 -0.185424
0.574947 0.780460 -0.245599
0.557825 0.829599 0.024441
0.574947 0.780460 -0.245599
0.426469 0.885292 -0.185424
0.434564 0.860544 -0.265739
0.404747 0.889653 -0.211416
0.434564 0.860544 -0.265739
0.426469 0.885292 -0.185424
0.434564 0.860544 -0.265739
0.404747 0.889653 -0.211416
0.412682 0.870691 -0.267564
0.382634 0.909512 -0.162418
0.426469 0.885292 -0.185424
0.375704 0.920829 -0.104498
0.426469 0.885292 -0.185424
0.382634 0.909512 -0.162418
0.404747 0.889653 -0.211416
0.391091 0.917220 0.075864
0.375704 0.920829 -0.104498
0.557825 0.829599 0.024441
0.375704 0.920829 -0.104498
0.426469 0.885292 -0.185424
0.557825 0.829599 0.024441
0.314609 0.943919 -0.100192
0.350361 0.928327 -0.124325
0.375704 0.920829 -0.104498
0.375704 0.920829 -0.104498
0.350361 0.928327 -0.124325
0.382634 0.909512 -0.162418
0.314650 0.943912 -0.100124
0.314609 0.943919 -0.100192
0.274743 0.957828 -0.084152
0.314609 0.943919 -0.100192
0.314650 0.943912 -0.100124
0.350361 0.928327 -0.124325
0.274132 0.960363 -0.050536
0.225131 0.971158 -0.078543
0.274743 0.957828 -0.084152
0.274743 0.957828 -0.084152
0.314609 0.943919 -0.100192
0.274132 0.960363 -0.050536
0.314609 0.943919 -0.100192
0.391091 0.917220 0.075864
0.274132 0.960363 -0.050536
0.391091 0.917220 0.075864
0.314609 0.943919 -0.100192
0.375704 0.920829 -0.104498
0.225131 0.971158 -0.078543
0.178475 0.982460 -0.054022
0.171955 0.981240 -0.087179
0.178475 0.982460 -0.054022
0.225131 0.971158 -0.078543
0.274132 0.960363 -0.050536
0.109373 0.989941 -0.089750
0.120728 0.986455 -0.111046
0.171955 0.981240 -0.087179
0.171955 0.981240 -0.087179
0.178475 0.982460 -0.054022
0.109373 0.989941 -0.089750
0.178475 0.982460 -0.054022
0.024607 0.998752 0.043465
0.109373 0.989941 -0.089750
0.024607 0.998752 0.043465
0.178475 0.982460 -0.054022
0.238575 0.952807 0.187723
0.178475 0.982460 -0.054022
0.274132 0.960363 -0.050536
0.238575 0.952807 0.187723
0.238575 0.952807 0.187723
0.274132 0.960363 -0.050536
0.391091 0.917220 0.075864
-0.042952 0.987388 0.152382
0.024607 0.998752 0.043465
0.238575 0.952807 0.187723
0.238575 0.952807 0.187723
0.462725 0.843337 0.273255
-0.042952 0.987388 0.152382
0.462725 0.843337 0.273255
0.464278 0.838434 0.285436
-0.042952 0.987388 0.152382
0.464278 0.838434 0.285436
0.462725 0.843337 0.273255
0.682912 0.695538 -0.223289
0.557825 0.829599 0.024441
0.682912 0.695538 -0.223289
0.462725 0.843337 0.273255
0.682912 0.695538 -0.223289
0.557825 0.829599 0.024441
0.574947 0.780460 -0.245599
0.391091 0.917220 0.075864
0.462725 0.843337 0.273255
0.238575 0.952807 0.187723
0.462725 0.843337 0.273255
0.391091 0.917220 0.075864
0.557825 0.829599 0.024441
</float_array>
          <technique_common>
            <accessor source="#crash-Normal0-array" count="288" stride="3">
              <param name="X" type="float"/>
              <param name="Y" type="float"/>
              <param name="Z" type="float"/>
            </accessor>
          </technique_common>
        </source>
        <source id="crash-UV0">
          <float_array id="crash-UV0-array" count="122">
0.546135 0.632152
0.938833 0.632152
0.742484 0.972239
0.742484 0.518790
0.938833 0.858877
0.546135 0.858877
0.742484 0.745515
0.515759 0.745514
0.629122 0.549165
0.742484 0.632152
0.644309 0.802196
0.644309 0.688833
0.855846 0.549165
0.969209 0.745515
0.840659 0.802196
0.840659 0.688833
0.855846 0.941864
0.629122 0.941864
0.742484 0.858877
0.595222 0.830536
0.523485 0.804195
0.580034 0.717174
0.644309 0.745515
0.587628 0.773855
0.523485 0.686834
0.582166 0.585196
0.636716 0.618999
0.583831 0.653916
0.683803 0.526515
0.742484 0.575471
0.693397 0.660493
0.689600 0.597235
0.742484 0.688833
0.693397 0.773855
0.693397 0.717174
0.801165 0.526515
0.848253 0.618999
0.791571 0.660493
0.795368 0.597235
0.902803 0.585196
0.961483 0.686834
0.904934 0.717174
0.901137 0.653916
0.961483 0.804195
0.889746 0.830536
0.840659 0.745515
0.897340 0.773855
0.791571 0.773855
0.791571 0.717174
0.902803 0.905833
0.799165 0.900370
0.791571 0.830536
0.844456 0.865453
0.801165 0.964514
0.683803 0.964514
0.685803 0.900370
0.742484 0.928711
0.582166 0.905833
0.693397 0.830536
0.640512 0.865453
0.742484 0.802196
</float_array>
          <technique_common>
            <accessor source="#crash-UV0-array" count="61" stride="2">
              <param name="S" type="float"/>
              <param name="T" type="float"/>
            </accessor>
          </technique_common>
        </source>
        <vertices id="crash-VERTEX">
          <input semantic="POSITION" source="#crash-POSITION"/>
        </vertices>
        <triangles count="96" material="svgBlinn1">
          <input semantic="VERTEX" offset="0" source="#crash-VERTEX"/>
          <input semantic="NORMAL" offset="1" source="#crash-Normal0"/>
          <input semantic="TEXCOORD" offset="2" set="0" source="#crash-UV0"/>
          <p> 23 0 23 10 1 10 22 2 22 10 3 10 23 4 23 19 5 19 20 6 20 19 7 19 23 8 23 19 9 19 20 10 20 5 11 5 7 12 7 23 13 23 21 14 21 23 15 23 7 16 7 20 17 20 11 18 11 21 19 21 22 20 22 21 21 21 23 22 23 22 23 22 27 24 27 24 25 24 21 26 21 21 27 21 24 28 24 7 29 7 0 30 0 27 31 27 25 32 25 27 33 27 0 34 0 24 35 24 26 36 26 8 37 8 25 38 25 25 39 25 27 40 27 26 41 26 27 42 27 11 43 11 26 44 26 11 45 11 27 46 27 21 47 21 8 48 8 31 49 31 28 50 28 31 51 31 8 52 8 26 53 26 29 54 29 3 55 3 28 56 28 28 57 28 31 58 31 29 59 29 31 60 31 9 61 9 29 62 29 9 63 9 31 64 31 30 65 30 26 66 26 30 67 30 31 68 31 30 69 30 26 70 26 11 71 11 9 72 9 30 73 30 32 74 32 30 75 30 34 76 34 32 77 32 34 78 34 6 79 6 32 80 32 6 81 6 34 82 34 33 83 33 34 84 34 22 85 22 33 86 33 33 87 33 22 88 22 10 89 10 11 90 11 34 91 34 30 92 30 34 93 34 11 94 11 22 95 22 38 96 38 9 97 9 37 98 37 9 99 9 38 100 38 29 101 29 38 102 38 35 103 35 29 104 29 29 105 29 35 106 35 3 107 3 12 108 12 38 109 38 36 110 36 38 111 38 12 112 12 35 113 35 15 114 15 36 115 36 37 116 37 36 117 36 38 118 38 37 119 37 42 120 42 39 121 39 36 122 36 36 123 36 39 124 39 12 125 12 1 126 1 42 127 42 40 128 40 42 129 42 1 130 1 39 131 39 41 132 41 13 133 13 40 134 40 40 135 40 42 136 42 41 137 41 42 138 42 15 139 15 41 140 41 15 141 15 42 142 42 36 143 36 13 144 13 46 145 46 43 146 43 46 147 46 13 148 13 41 149 41 44 150 44 4 151 4 43 152 43 43 153 43 46 154 46 44 155 44 46 156 46 14 157 14 44 158 44 14 159 14 46 160 46 45 161 45 46 162 46 41 163 41 45 164 45 45 165 45 41 166 41 15 167 15 47 168 47 14 169 14 45 170 45 47 171 47 45 172 45 48 173 48 6 174 6 48 175 48 32 176 32 48 177 48 6 178 6 47 179 47 9 180 9 32 181 32 37 182 37 32 183 32 48 184 48 37 185 37 48 186 48 15 187 15 37 188 37 15 189 15 48 190 48 45 191 45 52 192 52 14 193 14 51 194 51 14 195 14 52 196 52 44 197 44 49 198 49 44 199 44 52 200 52 44 201 44 49 202 49 4 203 4 16 204 16 52 205 52 50 206 50 52 207 52 16 208 16 49 209 49 18 210 18 50 211 50 51 212 51 50 213 50 52 214 52 51 215 51 56 216 56 53 217 53 50 218 50 50 219 50 53 220 53 16 221 16 2 222 2 56 223 56 54 224 54 56 225 56 2 226 2 53 227 53 55 228 55 17 229 17 54 230 54 54 231 54 56 232 56 55 233 55 56 234 56 18 235 18 55 236 55 18 237 18 56 238 56 50 239 50 17 240 17 59 241 59 57 242 57 59 243 59 17 244 17 55 245 55 19 246 19 5 247 5 57 248 57 57 249 57 59 250 59 19 251 19 59 252 59 10 253 10 19 254 19 10 255 10 59 256 59 58 257 58 59 258 59 55 259 55 58 260 58 58 261 58 55 262 55 18 263 18 33 264 33 10 265 10 58 266 58 58 267 58 60 268 60 33 269 33 60 270 60 6 271 6 33 272 33 6 273 6 60 274 60 47 275 47 51 276 51 47 277 47 60 278 60 47 279 47 51 280 51 14 281 14 18 282 18 60 283 60 58 284 58 60 285 60 18 286 18 51 287 51</p>
        </triangles>
      </mesh>
    </geometry>
    <geometry id="tom-lib" name="tomMesh">
      <mesh>
        <source id="tom-POSITION">
          <float_array id="tom-POSITION-array" count="480">
-0.085546 0.000595 -0.273002
-0.162718 0.000595 -0.233682
-0.223963 0.000595 -0.172438
-0.263282 0.000595 -0.095266
-0.276832 0.000595 -0.009720
-0.263282 0.000595 0.075826
-0.223963 0.000595 0.152998
-0.162718 0.000595 0.214243
-0.085546 0.000595 0.253562
0.000000 0.000595 0.267112
0.085546 0.000595 0.253562
0.162718 0.000595 0.214243
0.223963 0.000595 0.152998
0.263282 0.000595 0.075826
0.276832 0.000595 -0.009720
0.263282 0.000595 -0.095266
0.223963 0.000595 -0.172438
0.162718 0.000595 -0.233682
0.085546 0.000595 -0.273002
0.000000 0.000595 -0.286552
-0.089808 0.103178 -0.286121
-0.170826 0.103178 -0.244843
-0.235123 0.103178 -0.180546
-0.276402 0.103178 -0.099529
-0.290627 0.103178 -0.009720
-0.276402 0.103178 0.080089
-0.235123 0.103178 0.161106
-0.170826 0.103178 0.225403
-0.089808 0.103178 0.266682
0.000000 0.103178 0.280907
0.089808 0.103178 0.266682
0.170826 0.103178 0.225403
0.235123 0.103178 0.161106
0.276402 0.103178 0.080089
0.290627 0.103178 -0.009720
0.276402 0.103178 -0.099529
0.235123 0.103178 -0.180546
0.170826 0.103178 -0.244843
0.089808 0.103178 -0.286121
0.000000 0.103178 -0.300346
-0.093397 0.051887 -0.297165
0.000000 0.051887 -0.311958
0.093397 0.051887 -0.297165
0.177652 0.051887 -0.254238
0.244518 0.051887 -0.187370
0.287445 0.051887 -0.103117
0.302238 0.051887 -0.009720
0.287445 0.051887 0.083677
0.244518 0.051887 0.167931
0.177652 0.051887 0.234795
0.093397 0.051887 0.277725
0.000000 0.051887 0.292519
-0.093397 0.051887 0.277725
-0.177652 0.051887 0.234795
-0.244518 0.051887 0.167933
-0.287445 0.051887 0.083677
-0.302238 0.051887 -0.009720
-0.287445 0.051887 -0.103117
-0.244518 0.051887 -0.187370
-0.177652 0.051887 -0.254238
-0.085297 -0.016340 -0.272235
-0.162244 -0.016340 -0.233030
0.000000 -0.016340 -0.285745
0.085297 -0.016340 -0.272235
0.162244 -0.016340 -0.233030
0.223310 -0.016340 -0.171964
0.262516 -0.016340 -0.095017
0.276025 -0.016340 -0.009720
0.262516 -0.016340 0.075576
0.223310 -0.016340 0.152525
0.162244 -0.016340 0.213590
0.085297 -0.016340 0.252796
0.000000 -0.016340 0.266305
-0.085297 -0.016340 0.252796
-0.162244 -0.016340 0.213590
-0.223310 -0.016340 0.152525
-0.262516 -0.016340 0.075576
-0.276025 -0.016340 -0.009720
-0.262516 -0.016340 -0.095017
-0.223310 -0.016340 -0.171964
-0.150513 0.120113 -0.216885
-0.207161 0.120113 -0.160233
-0.243534 0.120113 -0.088849
-0.256065 0.120113 -0.009720
-0.243534 0.120113 0.069409
-0.210697 0.120113 0.137257
-0.146978 0.120113 0.200977
-0.079129 0.120113 0.233814
0.000000 0.120113 0.246346
0.079129 0.120113 0.233814
0.150513 0.120113 0.197441
0.207161 0.120113 0.140793
0.243534 0.120113 0.069409
0.256065 0.120113 -0.009720
0.243534 0.120113 -0.088849
0.207161 0.120113 -0.160233
0.150513 0.120113 -0.216881
0.079129 0.120113 -0.253254
0.000000 0.120113 -0.265785
-0.079129 0.120113 -0.253254
-0.140381 0.119467 -0.202938
-0.193218 0.119467 -0.150101
-0.227139 0.119467 -0.083523
-0.238831 0.119467 -0.009720
-0.227139 0.119467 0.064082
-0.193218 0.119467 0.130661
-0.140381 0.119467 0.183496
-0.073802 0.119467 0.217419
0.000000 0.119467 0.229111
0.073802 0.119467 0.217419
0.140381 0.119467 0.183496
0.193218 0.119467 0.130661
0.227139 0.119467 0.064082
0.238831 0.119467 -0.009720
0.227139 0.119467 -0.083523
0.193218 0.119467 -0.150101
0.140381 0.119467 -0.202938
0.073802 0.119467 -0.236858
0.000000 0.119467 -0.248550
-0.073802 0.119467 -0.236858
-0.123720 0.154726 -0.180004
-0.170284 0.154726 -0.133440
-0.200184 0.154726 -0.074763
-0.210484 0.154726 -0.009720
-0.200180 0.154726 0.055323
-0.170284 0.154726 0.113998
-0.123718 0.154726 0.160564
-0.065043 0.154726 0.190460
0.000000 0.154726 0.200764
0.065043 0.154726 0.190460
0.123718 0.154726 0.160564
0.170284 0.154726 0.113998
0.200180 0.154726 0.055323
0.210484 0.154726 -0.009720
0.200180 0.154726 -0.074763
0.170284 0.154726 -0.133440
0.123718 0.154726 -0.180004
0.065043 0.154726 -0.209904
0.000000 0.154726 -0.220203
-0.065043 0.154726 -0.209904
-0.075207 0.187485 -0.113234
-0.103514 0.187485 -0.084927
-0.121687 0.187485 -0.049258
-0.127949 0.187485 -0.009720
-0.121687 0.187485 0.029819
-0.103514 0.187485 0.065487
-0.075207 0.187485 0.093792
-0.039538 0.187485 0.111967
0.000000 0.187485 0.118229
0.039538 0.187485 0.111967
0.075207 0.187485 0.093792
0.103514 0.187485 0.065487
0.121687 0.187485 0.029819
0.127949 0.187485 -0.009720
0.121687 0.187485 -0.049258
0.103514 0.187485 -0.084927
0.075207 0.187485 -0.113234
0.039538 0.187485 -0.131407
0.000000 0.187485 -0.137669
-0.039538 0.187485 -0.131407
</float_array>
          <technique_common>
            <accessor source="#tom-POSITION-array" count="160" stride="3">
              <param name="X" type="float"/>
              <param name="Y" type="float"/>
              <param name="Z" type="float"/>
            </accessor>
          </technique_common>
        </source>
        <source id="tom-Normal0">
          <float_array id="tom-Normal0-array" count="2844">
-0.309016 0.000000 -0.951057
-0.462204 -0.617783 -0.636169
-0.587785 0.000000 -0.809017
-0.462204 -0.617783 -0.636169
-0.309016 0.000000 -0.951057
-0.242994 -0.617783 -0.747862
-0.587785 0.000000 -0.809017
-0.462204 -0.617783 -0.636169
-0.809017 0.000000 -0.587785
-0.462204 -0.617783 -0.636169
-0.636169 -0.617783 -0.462204
-0.809017 0.000000 -0.587785
-0.809017 0.000000 -0.587785
-0.636169 -0.617783 -0.462204
-0.951057 0.000000 -0.309017
-0.636169 -0.617783 -0.462204
-0.747862 -0.617783 -0.242995
-0.951057 0.000000 -0.309017
-1.000000 0.000000 -0.000000
-0.951057 0.000000 -0.309017
-0.747862 -0.617783 -0.242995
-0.747862 -0.617783 -0.242995
-0.786349 -0.617783 -0.000000
-1.000000 0.000000 -0.000000
-1.000000 0.000000 -0.000000
-0.747862 -0.617783 0.242995
-0.951057 0.000000 0.309017
-0.747862 -0.617783 0.242995
-1.000000 0.000000 -0.000000
-0.786349 -0.617783 -0.000000
-0.951057 0.000000 0.309017
-0.636169 -0.617783 0.462204
-0.809017 0.000000 0.587785
-0.636169 -0.617783 0.462204
-0.951057 0.000000 0.309017
-0.747862 -0.617783 0.242995
-0.462204 -0.617783 0.636169
-0.587785 0.000000 0.809017
-0.636169 -0.617783 0.462204
-0.636169 -0.617783 0.462204
-0.587785 0.000000 0.809017
-0.809017 0.000000 0.587785
-0.242995 -0.617783 0.747862
-0.309017 0.000000 0.951057
-0.462204 -0.617783 0.636169
-0.462204 -0.617783 0.636169
-0.309017 0.000000 0.951057
-0.587785 0.000000 0.809017
-0.242995 -0.617783 0.747862
-0.000000 -0.617783 0.786349
-0.000000 0.000000 1.000000
-0.242995 -0.617783 0.747862
-0.000000 0.000000 1.000000
-0.309017 0.000000 0.951057
0.242995 -0.617783 0.747862
-0.000000 0.000000 1.000000
-0.000000 -0.617783 0.786349
-0.000000 0.000000 1.000000
0.242995 -0.617783 0.747862
0.309017 0.000000 0.951057
0.462204 -0.617783 0.636169
0.309017 0.000000 0.951057
0.242995 -0.617783 0.747862
0.309017 0.000000 0.951057
0.462204 -0.617783 0.636169
0.587785 0.000000 0.809017
0.809017 0.000000 0.587785
0.462204 -0.617783 0.636169
0.636169 -0.617783 0.462204
0.462204 -0.617783 0.636169
0.809017 0.000000 0.587785
0.587785 0.000000 0.809017
0.951057 0.000000 0.309017
0.636169 -0.617783 0.462204
0.747862 -0.617783 0.242995
0.636169 -0.617783 0.462204
0.951057 0.000000 0.309017
0.809017 0.000000 0.587785
1.000000 0.000000 0.000000
0.747862 -0.617783 0.242995
0.786349 -0.617783 0.000000
0.747862 -0.617783 0.242995
1.000000 0.000000 0.000000
0.951057 0.000000 0.309017
0.747862 -0.617783 -0.242995
1.000000 0.000000 0.000000
0.786349 -0.617783 0.000000
1.000000 0.000000 0.000000
0.747862 -0.617783 -0.242995
0.951057 0.000000 -0.309017
0.636169 -0.617783 -0.462204
0.951057 0.000000 -0.309017
0.747862 -0.617783 -0.242995
0.951057 0.000000 -0.309017
0.636169 -0.617783 -0.462204
0.809017 0.000000 -0.587785
0.587785 0.000000 -0.809017
0.809017 0.000000 -0.587785
0.636169 -0.617783 -0.462204
0.587785 0.000000 -0.809017
0.636169 -0.617783 -0.462204
0.462204 -0.617783 -0.636169
0.309017 0.000000 -0.951057
0.587785 0.000000 -0.809017
0.462204 -0.617783 -0.636169
0.309017 0.000000 -0.951057
0.462204 -0.617783 -0.636169
0.242995 -0.617783 -0.747862
0.000001 0.000000 -1.000000
0.309017 0.000000 -0.951057
0.242995 -0.617783 -0.747862
0.000001 0.000000 -1.000000
0.242995 -0.617783 -0.747862
0.000001 -0.617783 -0.786348
0.000001 0.000000 -1.000000
-0.242994 -0.617783 -0.747862
-0.309016 0.000000 -0.951057
-0.242994 -0.617783 -0.747862
0.000001 0.000000 -1.000000
0.000001 -0.617783 -0.786348
-0.000000 0.999307 0.037234
-0.021885 0.999307 0.030123
-0.011506 0.999307 0.035411
-0.021885 0.999307 0.030123
-0.037234 0.999307 -0.000000
-0.035411 0.999307 0.011506
0.021885 0.999307 -0.030123
0.035411 0.999307 -0.011506
0.030123 0.999307 -0.021885
-0.021885 0.999307 0.030123
0.000000 0.999307 -0.037234
-0.037234 0.999307 -0.000000
-0.021885 0.999307 0.030123
-0.000000 0.999307 0.037234
0.021885 0.999307 0.030123
-0.030123 0.999307 -0.021885
0.000000 0.999307 -0.037234
-0.021885 0.999307 -0.030123
-0.037234 0.999307 -0.000000
0.000000 0.999307 -0.037234
-0.030123 0.999307 -0.021885
-0.037234 0.999307 -0.000000
-0.030123 0.999307 -0.021885
-0.035411 0.999307 -0.011506
0.035411 0.999307 -0.011506
0.011506 0.999307 -0.035411
-0.021885 0.999307 0.030123
-0.021885 0.999307 0.030123
-0.035411 0.999307 0.011506
-0.030123 0.999307 0.021885
0.021885 0.999307 0.030123
-0.000000 0.999307 0.037234
0.011506 0.999307 0.035411
0.021885 0.999307 0.030123
0.035411 0.999307 -0.011506
-0.021885 0.999307 0.030123
0.035411 0.999307 0.011506
0.021885 0.999307 0.030123
0.030123 0.999307 0.021885
0.035411 0.999307 -0.011506
0.021885 0.999307 0.030123
0.035411 0.999307 0.011506
0.035411 0.999307 -0.011506
0.035411 0.999307 0.011506
0.037234 0.999307 0.000000
0.011506 0.999307 -0.035411
0.035411 0.999307 -0.011506
0.021885 0.999307 -0.030123
0.000000 0.999307 -0.037234
-0.021885 0.999307 0.030123
0.011506 0.999307 -0.035411
-0.021885 0.999307 -0.030123
0.000000 0.999307 -0.037234
-0.011506 0.999307 -0.035411
-0.263404 0.522895 -0.810678
0.000001 0.522895 -0.852397
0.000001 0.000000 -1.000000
-0.263404 0.522895 -0.810678
0.000001 0.000000 -1.000000
-0.309016 0.000000 -0.951057
0.263405 0.522895 -0.810678
0.000001 0.000000 -1.000000
0.000001 0.522895 -0.852397
0.000001 0.000000 -1.000000
0.263405 0.522895 -0.810678
0.309017 0.000000 -0.951057
0.501027 0.522895 -0.689604
0.309017 0.000000 -0.951057
0.263405 0.522895 -0.810678
0.309017 0.000000 -0.951057
0.501027 0.522895 -0.689604
0.587785 0.000000 -0.809017
0.689604 0.522895 -0.501027
0.587785 0.000000 -0.809017
0.501027 0.522895 -0.689604
0.587785 0.000000 -0.809017
0.689604 0.522895 -0.501027
0.809017 0.000000 -0.587785
0.689604 0.522895 -0.501027
0.951057 0.000000 -0.309017
0.809017 0.000000 -0.587785
0.951057 0.000000 -0.309017
0.689604 0.522895 -0.501027
0.810678 0.522895 -0.263405
0.810678 0.522895 -0.263405
1.000000 0.000000 0.000000
0.951057 0.000000 -0.309017
1.000000 0.000000 0.000000
0.810678 0.522895 -0.263405
0.852397 0.522895 0.000000
1.000000 0.000000 0.000000
0.810678 0.522895 0.263405
0.951057 0.000000 0.309017
0.810678 0.522895 0.263405
1.000000 0.000000 0.000000
0.852397 0.522895 0.000000
0.951057 0.000000 0.309017
0.689604 0.522895 0.501027
0.809017 0.000000 0.587785
0.689604 0.522895 0.501027
0.951057 0.000000 0.309017
0.810678 0.522895 0.263405
0.809017 0.000000 0.587785
0.501027 0.522895 0.689604
0.587785 0.000000 0.809017
0.501027 0.522895 0.689604
0.809017 0.000000 0.587785
0.689604 0.522895 0.501027
0.587785 0.000000 0.809017
0.501027 0.522895 0.689604
0.309017 0.000000 0.951057
0.309017 0.000000 0.951057
0.501027 0.522895 0.689604
0.263405 0.522894 0.810678
-0.000000 0.000000 1.000000
0.309017 0.000000 0.951057
0.263405 0.522894 0.810678
-0.000000 0.000000 1.000000
0.263405 0.522894 0.810678
-0.000000 0.522894 0.852398
-0.000000 0.000000 1.000000
-0.263323 0.517113 0.814405
-0.309017 0.000000 0.951057
-0.263323 0.517113 0.814405
-0.000000 0.000000 1.000000
-0.000000 0.522894 0.852398
-0.309017 0.000000 0.951057
-0.503201 0.523878 0.687270
-0.587785 0.000000 0.809017
-0.503201 0.523878 0.687270
-0.309017 0.000000 0.951057
-0.263323 0.517113 0.814405
-0.587785 0.000000 0.809017
-0.687270 0.523878 0.503201
-0.809017 0.000000 0.587785
-0.687270 0.523878 0.503201
-0.587785 0.000000 0.809017
-0.503201 0.523878 0.687270
-0.814405 0.517113 0.263323
-0.951057 0.000000 0.309017
-0.687270 0.523878 0.503201
-0.951057 0.000000 0.309017
-0.809017 0.000000 0.587785
-0.687270 0.523878 0.503201
-0.852397 0.522895 -0.000000
-1.000000 0.000000 -0.000000
-0.814405 0.517113 0.263323
-1.000000 0.000000 -0.000000
-0.951057 0.000000 0.309017
-0.814405 0.517113 0.263323
-0.810678 0.522895 -0.263405
-1.000000 0.000000 -0.000000
-0.852397 0.522895 -0.000000
-1.000000 0.000000 -0.000000
-0.810678 0.522895 -0.263405
-0.951057 0.000000 -0.309017
-0.689604 0.522895 -0.501027
-0.951057 0.000000 -0.309017
-0.810678 0.522895 -0.263405
-0.951057 0.000000 -0.309017
-0.689604 0.522895 -0.501027
-0.809017 0.000000 -0.587785
-0.501027 0.522895 -0.689604
-0.809017 0.000000 -0.587785
-0.689604 0.522895 -0.501027
-0.809017 0.000000 -0.587785
-0.501027 0.522895 -0.689604
-0.587785 0.000000 -0.809017
-0.501027 0.522895 -0.689604
-0.263404 0.522895 -0.810678
-0.309016 0.000000 -0.951057
-0.501027 0.522895 -0.689604
-0.309016 0.000000 -0.951057
-0.587785 0.000000 -0.809017
-0.005384 -0.999958 -0.007411
-0.462204 -0.617783 -0.636169
-0.002831 -0.999958 -0.008712
-0.462204 -0.617783 -0.636169
-0.242994 -0.617783 -0.747862
-0.002831 -0.999958 -0.008712
0.000001 -0.617783 -0.786348
-0.002831 -0.999958 -0.008712
-0.242994 -0.617783 -0.747862
-0.002831 -0.999958 -0.008712
0.000001 -0.617783 -0.786348
0.000000 -0.999958 -0.009160
0.242995 -0.617783 -0.747862
0.000000 -0.999958 -0.009160
0.000001 -0.617783 -0.786348
0.000000 -0.999958 -0.009160
0.242995 -0.617783 -0.747862
0.002831 -0.999958 -0.008712
0.005384 -0.999958 -0.007411
0.242995 -0.617783 -0.747862
0.462204 -0.617783 -0.636169
0.242995 -0.617783 -0.747862
0.005384 -0.999958 -0.007411
0.002831 -0.999958 -0.008712
0.462204 -0.617783 -0.636169
0.007411 -0.999958 -0.005384
0.005384 -0.999958 -0.007411
0.007411 -0.999958 -0.005384
0.462204 -0.617783 -0.636169
0.636169 -0.617783 -0.462204
0.008712 -0.999958 -0.002831
0.007411 -0.999958 -0.005384
0.636169 -0.617783 -0.462204
0.636169 -0.617783 -0.462204
0.747862 -0.617783 -0.242995
0.008712 -0.999958 -0.002831
0.008712 -0.999958 -0.002831
0.786349 -0.617783 0.000000
0.009160 -0.999958 0.000000
0.786349 -0.617783 0.000000
0.008712 -0.999958 -0.002831
0.747862 -0.617783 -0.242995
0.747862 -0.617783 0.242995
0.009160 -0.999958 0.000000
0.786349 -0.617783 0.000000
0.009160 -0.999958 0.000000
0.747862 -0.617783 0.242995
0.008712 -0.999958 0.002831
0.636169 -0.617783 0.462204
0.008712 -0.999958 0.002831
0.747862 -0.617783 0.242995
0.008712 -0.999958 0.002831
0.636169 -0.617783 0.462204
0.007411 -0.999958 0.005384
0.005384 -0.999958 0.007411
0.636169 -0.617783 0.462204
0.462204 -0.617783 0.636169
0.636169 -0.617783 0.462204
0.005384 -0.999958 0.007411
0.007411 -0.999958 0.005384
0.002831 -0.999958 0.008712
0.462204 -0.617783 0.636169
0.242995 -0.617783 0.747862
0.462204 -0.617783 0.636169
0.002831 -0.999958 0.008712
0.005384 -0.999958 0.007411
0.002831 -0.999958 0.008712
-0.000000 -0.617783 0.786349
-0.000000 -0.999958 0.009160
-0.000000 -0.617783 0.786349
0.002831 -0.999958 0.008712
0.242995 -0.617783 0.747862
-0.000000 -0.999958 0.009160
-0.242995 -0.617783 0.747862
-0.002831 -0.999958 0.008712
-0.242995 -0.617783 0.747862
-0.000000 -0.999958 0.009160
-0.000000 -0.617783 0.786349
-0.002831 -0.999958 0.008712
-0.462204 -0.617783 0.636169
-0.005384 -0.999958 0.007411
-0.462204 -0.617783 0.636169
-0.002831 -0.999958 0.008712
-0.242995 -0.617783 0.747862
-0.462204 -0.617783 0.636169
-0.636169 -0.617783 0.462204
-0.007411 -0.999958 0.005384
-0.462204 -0.617783 0.636169
-0.007411 -0.999958 0.005384
-0.005384 -0.999958 0.007411
-0.008712 -0.999958 0.002831
-0.636169 -0.617783 0.462204
-0.747862 -0.617783 0.242995
-0.636169 -0.617783 0.462204
-0.008712 -0.999958 0.002831
-0.007411 -0.999958 0.005384
-0.009160 -0.999958 -0.000000
-0.747862 -0.617783 0.242995
-0.786349 -0.617783 -0.000000
-0.747862 -0.617783 0.242995
-0.009160 -0.999958 -0.000000
-0.008712 -0.999958 0.002831
-0.786349 -0.617783 -0.000000
-0.008712 -0.999958 -0.002831
-0.009160 -0.999958 -0.000000
-0.008712 -0.999958 -0.002831
-0.786349 -0.617783 -0.000000
-0.747862 -0.617783 -0.242995
-0.747862 -0.617783 -0.242995
-0.007411 -0.999958 -0.005384
-0.008712 -0.999958 -0.002831
-0.007411 -0.999958 -0.005384
-0.747862 -0.617783 -0.242995
-0.636169 -0.617783 -0.462204
-0.005384 -0.999958 -0.007411
-0.007411 -0.999958 -0.005384
-0.636169 -0.617783 -0.462204
-0.636169 -0.617783 -0.462204
-0.462204 -0.617783 -0.636169
-0.005384 -0.999958 -0.007411
-0.192558 0.944817 -0.265034
-0.689604 0.522895 -0.501027
-0.265034 0.944817 -0.192558
-0.689604 0.522895 -0.501027
-0.192558 0.944817 -0.265034
-0.501027 0.522895 -0.689604
-0.265034 0.944817 -0.192558
-0.810678 0.522895 -0.263405
-0.311566 0.944817 -0.101234
-0.810678 0.522895 -0.263405
-0.265034 0.944817 -0.192558
-0.689604 0.522895 -0.501027
-0.311566 0.944817 -0.101234
-0.852397 0.522895 -0.000000
-0.327600 0.944817 -0.000000
-0.852397 0.522895 -0.000000
-0.311566 0.944817 -0.101234
-0.810678 0.522895 -0.263405
-0.814405 0.517113 0.263323
-0.327600 0.944817 -0.000000
-0.852397 0.522895 -0.000000
-0.327600 0.944817 -0.000000
-0.814405 0.517113 0.263323
-0.312160 0.944880 0.098786
-0.814405 0.517113 0.263323
-0.687270 0.523878 0.503201
-0.268389 0.944234 0.190759
-0.814405 0.517113 0.263323
-0.268389 0.944234 0.190759
-0.312160 0.944880 0.098786
-0.503201 0.523878 0.687270
-0.268389 0.944234 0.190759
-0.687270 0.523878 0.503201
-0.268389 0.944234 0.190759
-0.503201 0.523878 0.687270
-0.190759 0.944234 0.268389
-0.263323 0.517113 0.814405
-0.190759 0.944234 0.268389
-0.503201 0.523878 0.687270
-0.190759 0.944234 0.268389
-0.263323 0.517113 0.814405
-0.098786 0.944880 0.312160
-0.263323 0.517113 0.814405
-0.000000 0.944817 0.327600
-0.098786 0.944880 0.312160
-0.000000 0.944817 0.327600
-0.263323 0.517113 0.814405
-0.000000 0.522894 0.852398
0.101234 0.944817 0.311566
-0.000000 0.944817 0.327600
-0.000000 0.522894 0.852398
-0.000000 0.522894 0.852398
0.263405 0.522894 0.810678
0.101234 0.944817 0.311566
0.101234 0.944817 0.311566
0.501027 0.522895 0.689604
0.192559 0.944816 0.265034
0.501027 0.522895 0.689604
0.101234 0.944817 0.311566
0.263405 0.522894 0.810678
0.689604 0.522895 0.501027
0.192559 0.944816 0.265034
0.501027 0.522895 0.689604
0.192559 0.944816 0.265034
0.689604 0.522895 0.501027
0.265034 0.944817 0.192558
0.311566 0.944817 0.101234
0.689604 0.522895 0.501027
0.810678 0.522895 0.263405
0.689604 0.522895 0.501027
0.311566 0.944817 0.101234
0.265034 0.944817 0.192558
0.327600 0.944817 0.000000
0.810678 0.522895 0.263405
0.852397 0.522895 0.000000
0.810678 0.522895 0.263405
0.327600 0.944817 0.000000
0.311566 0.944817 0.101234
0.327600 0.944817 0.000000
0.810678 0.522895 -0.263405
0.311566 0.944817 -0.101234
0.810678 0.522895 -0.263405
0.327600 0.944817 0.000000
0.852397 0.522895 0.000000
0.311566 0.944817 -0.101234
0.689604 0.522895 -0.501027
0.265034 0.944816 -0.192559
0.689604 0.522895 -0.501027
0.311566 0.944817 -0.101234
0.810678 0.522895 -0.263405
0.265034 0.944816 -0.192559
0.501027 0.522895 -0.689604
0.192559 0.944816 -0.265034
0.501027 0.522895 -0.689604
0.265034 0.944816 -0.192559
0.689604 0.522895 -0.501027
0.192559 0.944816 -0.265034
0.263405 0.522895 -0.810678
0.101234 0.944817 -0.311566
0.263405 0.522895 -0.810678
0.192559 0.944816 -0.265034
0.501027 0.522895 -0.689604
0.000001 0.522895 -0.852397
0.101234 0.944817 -0.311566
0.263405 0.522895 -0.810678
0.101234 0.944817 -0.311566
0.000001 0.522895 -0.852397
0.000000 0.944817 -0.327600
-0.101234 0.944817 -0.311566
0.000001 0.522895 -0.852397
-0.263404 0.522895 -0.810678
0.000001 0.522895 -0.852397
-0.101234 0.944817 -0.311566
0.000000 0.944817 -0.327600
-0.501027 0.522895 -0.689604
-0.101234 0.944817 -0.311566
-0.263404 0.522895 -0.810678
-0.101234 0.944817 -0.311566
-0.501027 0.522895 -0.689604
-0.192558 0.944817 -0.265034
0.022043 0.999297 0.030340
-0.265034 0.944817 -0.192558
0.030340 0.999297 0.022043
-0.265034 0.944817 -0.192558
0.022043 0.999297 0.030340
-0.192558 0.944817 -0.265034
0.030340 0.999297 0.022043
-0.311566 0.944817 -0.101234
0.035667 0.999297 0.011589
-0.311566 0.944817 -0.101234
0.030340 0.999297 0.022043
-0.265034 0.944817 -0.192558
0.035667 0.999297 0.011589
-0.327600 0.944817 -0.000000
0.037502 0.999297 0.000000
-0.327600 0.944817 -0.000000
0.035667 0.999297 0.011589
-0.311566 0.944817 -0.101234
0.037502 0.999297 0.000000
-0.312160 0.944880 0.098786
0.034978 0.999327 -0.011075
-0.312160 0.944880 0.098786
0.037502 0.999297 0.000000
-0.327600 0.944817 -0.000000
-0.268389 0.944234 0.190759
0.034978 0.999327 -0.011075
-0.312160 0.944880 0.098786
0.034978 0.999327 -0.011075
-0.268389 0.944234 0.190759
0.029167 0.999322 -0.022446
0.022446 0.999323 -0.029167
-0.268389 0.944234 0.190759
-0.190759 0.944234 0.268389
-0.268389 0.944234 0.190759
0.022446 0.999323 -0.029167
0.029167 0.999322 -0.022446
-0.190759 0.944234 0.268389
0.011075 0.999327 -0.034978
0.022446 0.999323 -0.029167
0.011075 0.999327 -0.034978
-0.190759 0.944234 0.268389
-0.098786 0.944880 0.312160
0.011075 0.999327 -0.034978
-0.000000 0.944817 0.327600
0.000000 0.999297 -0.037503
-0.000000 0.944817 0.327600
0.011075 0.999327 -0.034978
-0.098786 0.944880 0.312160
-0.011589 0.999297 -0.035667
0.000000 0.999297 -0.037503
-0.000000 0.944817 0.327600
-0.000000 0.944817 0.327600
0.101234 0.944817 0.311566
-0.011589 0.999297 -0.035667
-0.011589 0.999297 -0.035667
0.192559 0.944816 0.265034
-0.022043 0.999297 -0.030340
0.192559 0.944816 0.265034
-0.011589 0.999297 -0.035667
0.101234 0.944817 0.311566
-0.022043 0.999297 -0.030340
0.265034 0.944817 0.192558
-0.030340 0.999296 -0.022044
0.265034 0.944817 0.192558
-0.022043 0.999297 -0.030340
0.192559 0.944816 0.265034
-0.035667 0.999297 -0.011589
0.265034 0.944817 0.192558
0.311566 0.944817 0.101234
0.265034 0.944817 0.192558
-0.035667 0.999297 -0.011589
-0.030340 0.999296 -0.022044
-0.037502 0.999297 -0.000000
0.311566 0.944817 0.101234
0.327600 0.944817 0.000000
0.311566 0.944817 0.101234
-0.037502 0.999297 -0.000000
-0.035667 0.999297 -0.011589
-0.037502 0.999297 -0.000000
0.311566 0.944817 -0.101234
-0.035667 0.999297 0.011589
0.311566 0.944817 -0.101234
-0.037502 0.999297 -0.000000
0.327600 0.944817 0.000000
-0.030340 0.999297 0.022043
-0.035667 0.999297 0.011589
0.311566 0.944817 -0.101234
-0.030340 0.999297 0.022043
0.311566 0.944817 -0.101234
0.265034 0.944816 -0.192559
-0.022043 0.999297 0.030340
-0.030340 0.999297 0.022043
0.265034 0.944816 -0.192559
0.265034 0.944816 -0.192559
0.192559 0.944816 -0.265034
-0.022043 0.999297 0.030340
-0.022043 0.999297 0.030340
0.101234 0.944817 -0.311566
-0.011589 0.999297 0.035667
0.101234 0.944817 -0.311566
-0.022043 0.999297 0.030340
0.192559 0.944816 -0.265034
0.000000 0.944817 -0.327600
-0.011589 0.999297 0.035667
0.101234 0.944817 -0.311566
-0.011589 0.999297 0.035667
0.000000 0.944817 -0.327600
-0.000000 0.999297 0.037502
0.011589 0.999296 0.035667
0.000000 0.944817 -0.327600
-0.101234 0.944817 -0.311566
0.000000 0.944817 -0.327600
0.011589 0.999296 0.035667
-0.000000 0.999297 0.037502
-0.192558 0.944817 -0.265034
0.011589 0.999296 0.035667
-0.101234 0.944817 -0.311566
0.011589 0.999296 0.035667
-0.192558 0.944817 -0.265034
0.022043 0.999297 0.030340
-0.334403 0.822392 -0.460267
-0.630528 0.626558 -0.458105
-0.460267 0.822392 -0.334403
-0.630528 0.626558 -0.458105
-0.334403 0.822392 -0.460267
-0.458105 0.626558 -0.630528
-0.460267 0.822392 -0.334403
-0.741230 0.626558 -0.240840
-0.541076 0.822392 -0.175806
-0.741230 0.626558 -0.240840
-0.460267 0.822392 -0.334403
-0.630528 0.626558 -0.458105
-0.541076 0.822392 -0.175806
-0.779375 0.626558 -0.000000
-0.568921 0.822392 -0.000000
-0.779375 0.626558 -0.000000
-0.541076 0.822392 -0.175806
-0.741230 0.626558 -0.240840
-0.541076 0.822392 0.175806
-0.568921 0.822392 -0.000000
-0.779375 0.626558 -0.000000
-0.779375 0.626558 -0.000000
-0.741230 0.626558 0.240840
-0.541076 0.822392 0.175806
-0.541076 0.822392 0.175806
-0.741230 0.626558 0.240840
-0.460267 0.822392 0.334404
-0.741230 0.626558 0.240840
-0.630527 0.626558 0.458105
-0.460267 0.822392 0.334404
-0.458105 0.626558 0.630528
-0.460267 0.822392 0.334404
-0.630527 0.626558 0.458105
-0.460267 0.822392 0.334404
-0.458105 0.626558 0.630528
-0.334404 0.822392 0.460267
-0.240840 0.626558 0.741230
-0.334404 0.822392 0.460267
-0.458105 0.626558 0.630528
-0.334404 0.822392 0.460267
-0.240840 0.626558 0.741230
-0.175806 0.822392 0.541076
-0.000000 0.626558 0.779375
-0.175806 0.822392 0.541076
-0.240840 0.626558 0.741230
-0.175806 0.822392 0.541076
-0.000000 0.626558 0.779375
-0.000000 0.822392 0.568921
-0.000000 0.626558 0.779375
0.240840 0.626558 0.741230
0.175806 0.822392 0.541076
-0.000000 0.626558 0.779375
0.175806 0.822392 0.541076
-0.000000 0.822392 0.568921
0.458105 0.626558 0.630527
0.334404 0.822392 0.460267
0.240840 0.626558 0.741230
0.240840 0.626558 0.741230
0.334404 0.822392 0.460267
0.175806 0.822392 0.541076
0.630528 0.626558 0.458105
0.334404 0.822392 0.460267
0.458105 0.626558 0.630527
0.334404 0.822392 0.460267
0.630528 0.626558 0.458105
0.460267 0.822392 0.334403
0.741229 0.626558 0.240840
0.460267 0.822392 0.334403
0.630528 0.626558 0.458105
0.460267 0.822392 0.334403
0.741229 0.626558 0.240840
0.541076 0.822392 0.175806
0.779375 0.626558 0.000000
0.541076 0.822392 0.175806
0.741229 0.626558 0.240840
0.541076 0.822392 0.175806
0.779375 0.626558 0.000000
0.568921 0.822392 0.000000
0.541076 0.822392 -0.175806
0.779375 0.626558 0.000000
0.741229 0.626558 -0.240840
0.779375 0.626558 0.000000
0.541076 0.822392 -0.175806
0.568921 0.822392 0.000000
0.460267 0.822392 -0.334403
0.741229 0.626558 -0.240840
0.630528 0.626558 -0.458105
0.741229 0.626558 -0.240840
0.460267 0.822392 -0.334403
0.541076 0.822392 -0.175806
0.460267 0.822392 -0.334403
0.458105 0.626558 -0.630527
0.334403 0.822392 -0.460267
0.458105 0.626558 -0.630527
0.460267 0.822392 -0.334403
0.630528 0.626558 -0.458105
0.334403 0.822392 -0.460267
0.240840 0.626558 -0.741229
0.175806 0.822392 -0.541076
0.240840 0.626558 -0.741229
0.334403 0.822392 -0.460267
0.458105 0.626558 -0.630527
0.175806 0.822392 -0.541076
0.000001 0.626558 -0.779375
0.000001 0.822392 -0.568921
0.000001 0.626558 -0.779375
0.175806 0.822392 -0.541076
0.240840 0.626558 -0.741229
-0.175806 0.822392 -0.541076
0.000001 0.822392 -0.568921
0.000001 0.626558 -0.779375
0.000001 0.626558 -0.779375
-0.240839 0.626558 -0.741229
-0.175806 0.822392 -0.541076
-0.334403 0.822392 -0.460267
-0.175806 0.822392 -0.541076
-0.240839 0.626558 -0.741229
-0.240839 0.626558 -0.741229
-0.458105 0.626558 -0.630528
-0.334403 0.822392 -0.460267
-0.021885 0.999307 -0.030123
-0.460267 0.822392 -0.334403
-0.030123 0.999307 -0.021885
-0.460267 0.822392 -0.334403
-0.021885 0.999307 -0.030123
-0.334403 0.822392 -0.460267
-0.541076 0.822392 -0.175806
-0.030123 0.999307 -0.021885
-0.460267 0.822392 -0.334403
-0.030123 0.999307 -0.021885
-0.541076 0.822392 -0.175806
-0.035411 0.999307 -0.011506
-0.035411 0.999307 -0.011506
-0.568921 0.822392 -0.000000
-0.037234 0.999307 -0.000000
-0.568921 0.822392 -0.000000
-0.035411 0.999307 -0.011506
-0.541076 0.822392 -0.175806
-0.541076 0.822392 0.175806
-0.037234 0.999307 -0.000000
-0.568921 0.822392 -0.000000
-0.037234 0.999307 -0.000000
-0.541076 0.822392 0.175806
-0.035411 0.999307 0.011506
-0.460267 0.822392 0.334404
-0.035411 0.999307 0.011506
-0.541076 0.822392 0.175806
-0.035411 0.999307 0.011506
-0.460267 0.822392 0.334404
-0.030123 0.999307 0.021885
-0.334404 0.822392 0.460267
-0.030123 0.999307 0.021885
-0.460267 0.822392 0.334404
-0.030123 0.999307 0.021885
-0.334404 0.822392 0.460267
-0.021885 0.999307 0.030123
-0.011506 0.999307 0.035411
-0.334404 0.822392 0.460267
-0.175806 0.822392 0.541076
-0.334404 0.822392 0.460267
-0.011506 0.999307 0.035411
-0.021885 0.999307 0.030123
-0.011506 0.999307 0.035411
-0.000000 0.822392 0.568921
-0.000000 0.999307 0.037234
-0.000000 0.822392 0.568921
-0.011506 0.999307 0.035411
-0.175806 0.822392 0.541076
-0.000000 0.999307 0.037234
-0.000000 0.822392 0.568921
0.011506 0.999307 0.035411
-0.000000 0.822392 0.568921
0.175806 0.822392 0.541076
0.011506 0.999307 0.035411
0.011506 0.999307 0.035411
0.334404 0.822392 0.460267
0.021885 0.999307 0.030123
0.334404 0.822392 0.460267
0.011506 0.999307 0.035411
0.175806 0.822392 0.541076
0.460267 0.822392 0.334403
0.021885 0.999307 0.030123
0.334404 0.822392 0.460267
0.021885 0.999307 0.030123
0.460267 0.822392 0.334403
0.030123 0.999307 0.021885
0.035411 0.999307 0.011506
0.460267 0.822392 0.334403
0.541076 0.822392 0.175806
0.460267 0.822392 0.334403
0.035411 0.999307 0.011506
0.030123 0.999307 0.021885
0.037234 0.999307 0.000000
0.541076 0.822392 0.175806
0.568921 0.822392 0.000000
0.541076 0.822392 0.175806
0.037234 0.999307 0.000000
0.035411 0.999307 0.011506
0.541076 0.822392 -0.175806
0.037234 0.999307 0.000000
0.568921 0.822392 0.000000
0.037234 0.999307 0.000000
0.541076 0.822392 -0.175806
0.035411 0.999307 -0.011506
0.541076 0.822392 -0.175806
0.460267 0.822392 -0.334403
0.030123 0.999307 -0.021885
0.541076 0.822392 -0.175806
0.030123 0.999307 -0.021885
0.035411 0.999307 -0.011506
0.030123 0.999307 -0.021885
0.460267 0.822392 -0.334403
0.021885 0.999307 -0.030123
0.460267 0.822392 -0.334403
0.334403 0.822392 -0.460267
0.021885 0.999307 -0.030123
0.175806 0.822392 -0.541076
0.021885 0.999307 -0.030123
0.334403 0.822392 -0.460267
0.021885 0.999307 -0.030123
0.175806 0.822392 -0.541076
0.011506 0.999307 -0.035411
0.000001 0.822392 -0.568921
0.011506 0.999307 -0.035411
0.175806 0.822392 -0.541076
0.011506 0.999307 -0.035411
0.000001 0.822392 -0.568921
0.000000 0.999307 -0.037234
-0.011506 0.999307 -0.035411
0.000001 0.822392 -0.568921
-0.175806 0.822392 -0.541076
0.000001 0.822392 -0.568921
-0.011506 0.999307 -0.035411
0.000000 0.999307 -0.037234
-0.334403 0.822392 -0.460267
-0.011506 0.999307 -0.035411
-0.175806 0.822392 -0.541076
-0.011506 0.999307 -0.035411
-0.334403 0.822392 -0.460267
-0.021885 0.999307 -0.030123
0.000000 -1.000000 -0.000000
0.000000 -1.000000 -0.000000
0.000000 -1.000000 -0.000000
0.000000 -1.000000 -0.000000
0.000000 -1.000000 -0.000000
0.000000 -1.000000 -0.000000
0.000000 -1.000000 -0.000000
0.000000 -1.000000 -0.000000
0.000000 -1.000000 -0.000000
0.000000 -1.000000 -0.000000
0.000000 -1.000000 -0.000000
0.000000 -1.000000 -0.000000
0.000000 -1.000000 -0.000000
0.000000 -1.000000 -0.000000
0.000000 -1.000000 -0.000000
0.000000 -1.000000 -0.000000
0.000000 -1.000000 -0.000000
0.000000 -1.000000 -0.000000
0.000000 -1.000000 -0.000000
0.000000 -1.000000 -0.000000
0.000000 -1.000000 -0.000000
0.000000 -1.000000 -0.000000
0.000000 -1.000000 -0.000000
0.000000 -1.000000 -0.000000
0.000000 -1.000000 -0.000000
0.000000 -1.000000 -0.000000
0.000000 -1.000000 -0.000000
0.000000 -1.000000 -0.000000
0.000000 -1.000000 -0.000000
0.000000 -1.000000 -0.000000
0.000000 -1.000000 -0.000000
0.000000 -1.000000 -0.000000
0.000000 -1.000000 -0.000000
0.000000 -1.000000 -0.000000
0.000000 -1.000000 -0.000000
0.000000 -1.000000 -0.000000
0.000000 -1.000000 -0.000000
0.000000 -1.000000 -0.000000
0.000000 -1.000000 -0.000000
0.000000 -1.000000 -0.000000
0.000000 -1.000000 -0.000000
0.000000 -1.000000 -0.000000
0.000000 -1.000000 -0.000000
0.000000 -1.000000 -0.000000
0.000000 -1.000000 -0.000000
0.000000 -1.000000 -0.000000
0.000000 -1.000000 -0.000000
0.000000 -1.000000 -0.000000
0.000000 -1.000000 -0.000000
0.000000 -1.000000 -0.000000
0.000000 -1.000000 -0.000000
0.000000 -1.000000 -0.000000
0.000000 -1.000000 -0.000000
0.000000 -1.000000 -0.000000
</float_array>
          <technique_common>
            <accessor source="#tom-Normal0-array" count="948" stride="3">
              <param name="X" type="float"/>
              <param name="Y" type="float"/>
              <param name="Z" type="float"/>
            </accessor>
          </technique_common>
        </source>
        <source id="tom-UV0">
          <float_array id="tom-UV0-array" count="380">
0.589170 0.080666
0.686157 0.080666
0.686157 0.165715
0.589170 0.165715
0.589170 0.048108
0.781947 0.080666
0.781947 0.165715
0.686157 0.249216
0.589170 0.249216
0.498174 0.080666
0.498174 0.165715
0.498174 0.048108
0.781947 0.048108
0.781947 0.249216
0.852371 0.425259
0.766884 0.384966
0.498174 0.249216
0.407179 0.080666
0.407179 0.165715
0.407179 0.048108
0.915329 0.495746
0.676992 0.372724
0.407179 0.249216
0.313102 0.080666
0.313102 0.165715
0.313102 0.048108
0.588694 0.387748
0.313102 0.249216
0.216182 0.080666
0.216182 0.165715
0.216182 0.048108
0.509447 0.428611
0.216182 0.249216
0.446547 0.491478
0.092318 0.785887
0.092318 0.724093
0.153527 0.724093
0.153527 0.785887
0.066085 0.785887
0.066085 0.724093
0.092318 0.661797
0.153527 0.661797
0.211916 0.724093
0.211915 0.785887
0.092318 0.849229
0.153527 0.849228
0.066085 0.849228
0.066085 0.661797
0.092318 0.599495
0.153527 0.599495
0.211916 0.661797
0.760324 0.933460
0.836209 0.898467
0.211915 0.849228
0.066085 0.599495
0.092318 0.536688
0.153527 0.536688
0.211916 0.599495
0.672367 0.945930
0.908417 0.829312
0.066085 0.536688
0.092318 0.472387
0.153527 0.472387
0.211916 0.536688
0.584774 0.930776
0.066085 0.472387
0.211916 0.472387
0.506048 0.889349
0.443931 0.825676
0.829277 0.878916
0.754730 0.915163
0.740627 0.869013
0.801688 0.839300
0.672658 0.926792
0.673399 0.878533
0.714327 0.783024
0.750205 0.765489
0.889173 0.821534
0.850726 0.792248
0.590940 0.912642
0.606492 0.866928
0.674806 0.788656
0.778961 0.737715
0.517506 0.873992
0.546391 0.835286
0.635474 0.781841
0.459560 0.814604
0.498956 0.786675
0.600154 0.763240
0.572275 0.734679
0.520757 0.444108
0.594782 0.406017
0.610057 0.452212
0.549262 0.483268
0.677289 0.392148
0.677770 0.441210
0.638100 0.538514
0.602244 0.556474
0.462013 0.502771
0.501032 0.531292
0.761133 0.404077
0.746204 0.451734
0.677842 0.532504
0.573737 0.584569
0.838717 0.443557
0.808587 0.483931
0.717601 0.539139
0.898645 0.506697
0.857210 0.534566
0.753402 0.557882
0.781559 0.586868
0.117859 0.048108
0.066085 0.344013
0.066085 0.408103
0.066085 0.910050
0.980469 0.048108
0.875433 0.048108
0.799239 0.623089
0.804791 0.662905
0.797775 0.702387
0.554547 0.698910
0.548698 0.659423
0.555298 0.620037
0.952648 0.578431
0.933945 0.583674
0.963379 0.667354
0.944131 0.666717
0.946764 0.754954
0.928690 0.748522
0.405882 0.570508
0.424054 0.576519
0.391394 0.658147
0.410525 0.658301
0.404471 0.746015
0.422735 0.740287
0.875433 0.080666
0.875433 0.165715
0.980469 0.080666
0.980469 0.165715
0.875433 0.249216
0.092318 0.910050
0.153527 0.910051
0.211915 0.972204
0.211915 0.910050
0.092318 0.408103
0.153527 0.408103
0.092318 0.344013
0.153527 0.344013
0.211916 0.408103
0.116333 0.080666
0.116333 0.165715
0.019531 0.249216
0.116333 0.249216
0.886775 0.597176
0.895503 0.665224
0.883038 0.732341
0.468788 0.725840
0.458783 0.658686
0.469887 0.591694
0.589170 0.301730
0.686157 0.301730
0.498174 0.301730
0.407179 0.301730
0.313102 0.301730
0.216182 0.301730
0.116333 0.301730
0.019531 0.301730
0.268711 0.408103
0.268711 0.472387
0.268712 0.536688
0.268712 0.599495
0.268711 0.661797
0.268712 0.724093
0.268712 0.785887
0.268712 0.849228
0.268712 0.910051
0.268712 0.972204
0.875433 0.301730
0.781947 0.301730
0.686157 0.048108
0.211916 0.344013
0.268712 0.344013
0.980469 0.249216
0.980469 0.301730
0.092318 0.972204
0.066085 0.972204
0.019531 0.080666
0.019531 0.048108
0.153527 0.972204
0.019531 0.165715
</float_array>
          <technique_common>
            <accessor source="#tom-UV0-array" count="190" stride="2">
              <param name="S" type="float"/>
              <param name="T" type="float"/>
            </accessor>
          </technique_common>
        </source>
        <vertices id="tom-VERTEX">
          <input semantic="POSITION" source="#tom-POSITION"/>
        </vertices>
        <triangles count="316" material="lambert3">
          <input semantic="VERTEX" offset="0" source="#tom-VERTEX"/>
          <input semantic="NORMAL" offset="1" source="#tom-Normal0"/>
          <input semantic="TEXCOORD" offset="2" set="0" source="#tom-UV0"/>
          <p> 40 0 3 1 1 1 59 2 2 1 3 1 40 4 3 0 5 0 59 6 2 1 7 1 58 8 6 1 9 1 2 10 5 58 11 6 58 12 6 2 13 5 57 14 136 2 15 5 3 16 135 57 17 136 56 18 138 57 19 136 3 20 135 3 21 135 4 22 137 56 23 138 56 24 188 5 25 140 55 26 141 5 27 140 56 28 188 4 29 184 55 30 141 6 31 44 54 32 45 6 33 44 55 34 141 5 35 140 7 36 34 53 37 37 6 38 44 6 39 44 53 40 37 54 41 45 8 42 35 52 43 36 7 44 34 7 45 34 52 46 36 53 47 37 8 48 35 9 49 40 51 50 41 8 51 35 51 52 41 52 53 36 10 54 48 51 55 41 9 56 40 51 57 41 10 58 48 50 59 49 11 60 55 50 61 49 10 62 48 50 63 49 11 64 55 49 65 56 48 66 62 11 67 55 12 68 61 11 69 55 48 70 62 49 71 56 47 72 145 12 73 61 13 74 144 12 75 61 47 76 145 48 77 62 46 78 147 13 79 144 14 80 146 13 81 144 46 82 147 47 83 145 15 84 149 46 85 189 14 86 186 46 87 189 15 88 149 45 89 150 16 90 28 45 91 150 15 92 149 45 93 150 16 94 28 44 95 29 43 96 24 44 97 29 16 98 28 43 99 24 16 100 28 17 101 23 42 102 18 43 103 24 17 104 23 42 105 18 17 106 23 18 107 17 41 108 10 42 109 18 18 110 17 41 111 10 18 112 17 19 113 9 41 114 10 0 115 0 40 116 3 0 117 0 41 118 10 19 119 9 148 120 81 146 121 76 147 122 75 146 123 76 143 124 118 144 125 119 156 126 97 154 127 122 155 128 103 146 129 76 158 130 102 143 131 118 146 132 76 148 133 81 150 134 88 141 135 110 158 136 102 140 137 109 143 138 118 158 139 102 141 140 110 143 141 118 141 142 110 142 143 117 154 144 122 157 145 96 146 146 76 146 147 76 144 148 119 145 149 82 150 150 88 148 151 81 149 152 85 150 153 88 154 154 122 146 155 76 152 156 120 150 157 88 151 158 89 154 159 122 150 160 88 152 161 120 154 162 122 152 163 120 153 164 121 157 165 96 154 166 122 156 167 97 158 168 102 146 169 76 157 170 96 140 171 109 158 172 102 159 173 106 20 174 8 39 175 16 41 176 10 20 177 8 41 178 10 40 179 3 38 180 22 41 181 10 39 182 16 41 183 10 38 184 22 42 185 18 37 186 27 42 187 18 38 188 22 42 189 18 37 190 27 43 191 24 36 192 32 43 193 24 37 194 27 43 195 24 36 196 32 44 197 29 36 198 32 45 199 150 44 200 29 45 201 150 36 202 32 35 203 152 35 204 152 46 205 189 45 206 150 46 207 189 35 208 152 34 209 151 46 210 147 33 211 148 47 212 145 33 213 148 46 214 147 34 215 180 47 216 145 32 217 66 48 218 62 32 219 66 47 220 145 33 221 148 48 222 62 31 223 63 49 224 56 31 225 63 48 226 62 32 227 66 49 228 56 31 229 63 50 230 49 50 231 49 31 232 63 30 233 57 51 234 41 50 235 49 30 236 57 51 237 41 30 238 57 29 239 50 51 240 41 28 241 42 52 242 36 28 243 42 51 244 41 29 245 50 52 246 36 27 247 43 53 248 37 27 249 43 52 250 36 28 251 42 53 252 37 26 253 53 54 254 45 26 255 53 53 256 37 27 257 43 25 258 143 55 259 141 26 260 53 55 261 141 54 262 45 26 263 53 24 264 142 56 265 188 25 266 143 56 267 188 55 268 141 25 269 143 23 270 139 56 271 138 24 272 182 56 273 138 23 274 139 57 275 136 22 276 13 57 277 136 23 278 139 57 279 136 22 280 13 58 281 6 21 282 7 58 283 6 22 284 13 58 285 6 21 286 7 59 287 2 21 288 7 20 289 8 40 290 3 21 291 7 40 292 3 59 293 2 61 294 179 1 295 1 60 296 4 1 297 1 0 298 0 60 299 4 19 300 9 60 301 4 0 302 0 60 303 4 19 304 9 62 305 11 18 306 17 62 307 11 19 308 9 62 309 11 18 310 17 63 311 19 64 312 25 18 313 17 17 314 23 18 315 17 64 316 25 63 317 19 17 318 23 65 319 30 64 320 25 65 321 30 17 322 23 16 323 28 66 324 111 65 325 30 16 326 28 16 327 28 15 328 149 66 329 111 66 330 111 14 331 186 67 332 187 14 333 186 66 334 111 15 335 149 13 336 144 67 337 112 14 338 146 67 339 112 13 340 144 68 341 113 12 342 61 68 343 113 13 344 144 68 345 113 12 346 61 69 347 65 70 348 60 12 349 61 11 350 55 12 351 61 70 352 60 69 353 65 71 354 54 11 355 55 10 356 48 11 357 55 71 358 54 70 359 60 71 360 54 9 361 40 72 362 47 9 363 40 71 364 54 10 365 48 72 366 47 8 367 35 73 368 39 8 369 35 72 370 47 9 371 40 73 372 39 7 373 34 74 374 38 7 375 34 73 376 39 8 377 35 7 378 34 6 379 44 75 380 46 7 381 34 75 382 46 74 383 38 76 384 114 6 385 44 5 386 140 6 387 44 76 388 114 75 389 46 77 390 185 5 391 140 4 392 184 5 393 140 77 394 185 76 395 114 4 396 137 78 397 116 77 398 115 78 399 116 4 400 137 3 401 135 3 402 135 79 403 12 78 404 116 79 405 12 3 406 135 2 407 5 61 408 179 79 409 12 2 410 5 2 411 5 1 412 1 61 413 179 80 414 160 22 415 13 81 416 178 22 417 13 80 418 160 21 419 7 81 420 178 23 421 139 82 422 177 23 423 139 81 424 178 22 425 13 82 426 177 24 427 182 83 428 183 24 429 182 82 430 177 23 431 139 25 432 143 83 433 176 24 434 142 83 435 176 25 436 143 84 437 175 25 438 143 26 439 53 85 440 174 25 441 143 85 442 174 84 443 175 27 444 43 85 445 174 26 446 53 85 447 174 27 448 43 86 449 173 28 450 42 86 451 173 27 452 43 86 453 173 28 454 42 87 455 172 28 456 42 88 457 171 87 458 172 88 459 171 28 460 42 29 461 50 89 462 170 88 463 171 29 464 50 29 465 50 30 466 57 89 467 170 89 468 170 31 469 63 90 470 169 31 471 63 89 472 170 30 473 57 32 474 66 90 475 169 31 476 63 90 477 169 32 478 66 91 479 168 92 480 167 32 481 66 33 482 148 32 483 66 92 484 167 91 485 168 93 486 181 33 487 148 34 488 180 33 489 148 93 490 181 92 491 167 93 492 166 35 493 152 94 494 165 35 495 152 93 496 166 34 497 151 94 498 165 36 499 32 95 500 164 36 501 32 94 502 165 35 503 152 95 504 164 37 505 27 96 506 163 37 507 27 95 508 164 36 509 32 96 510 163 38 511 22 97 512 162 38 513 22 96 514 163 37 515 27 39 516 16 97 517 162 38 518 22 97 519 162 39 520 16 98 521 161 99 522 159 39 523 16 20 524 8 39 525 16 99 526 159 98 527 161 21 528 7 99 529 159 20 530 8 99 531 159 21 532 7 80 533 160 100 534 104 81 535 20 101 536 107 81 537 20 100 538 104 80 539 14 101 540 107 82 541 123 102 542 124 82 543 123 101 544 107 81 545 20 102 546 124 83 547 125 103 548 126 83 549 125 102 550 124 82 551 123 103 552 126 84 553 127 104 554 128 84 555 127 103 556 126 83 557 125 85 558 59 104 559 128 84 560 127 104 561 128 85 562 59 105 563 77 106 564 69 85 565 59 86 566 52 85 567 59 106 568 69 105 569 77 86 570 52 107 571 70 106 572 69 107 573 70 86 574 52 87 575 51 107 576 70 88 577 58 108 578 73 88 579 58 107 580 70 87 581 51 109 582 79 108 583 73 88 584 58 88 585 58 89 586 64 109 587 79 109 588 79 90 589 67 110 590 83 90 591 67 109 592 79 89 593 64 110 594 83 91 595 68 111 596 86 91 597 68 110 598 83 90 599 67 112 600 134 91 601 68 92 602 133 91 603 68 112 604 134 111 605 86 113 606 132 92 607 133 93 608 131 92 609 133 113 610 132 112 611 134 113 612 132 94 613 129 114 614 130 94 615 129 113 616 132 93 617 131 115 618 98 114 619 130 94 620 129 115 621 98 94 622 129 95 623 33 116 624 90 115 625 98 95 626 33 95 627 33 96 628 31 116 629 90 116 630 90 97 631 26 117 632 91 97 633 26 116 634 90 96 635 31 98 636 21 117 637 91 97 638 26 117 639 91 98 640 21 118 641 94 119 642 100 98 643 21 99 644 15 98 645 21 119 646 100 118 647 94 80 648 14 119 649 100 99 650 15 119 651 100 80 652 14 100 653 104 120 654 105 101 655 107 121 656 108 101 657 107 120 658 105 100 659 104 121 660 108 102 661 124 122 662 153 102 663 124 121 664 108 101 665 107 122 666 153 103 667 126 123 668 154 103 669 126 122 670 153 102 671 124 124 672 155 123 673 154 103 674 126 103 675 126 104 676 128 124 677 155 124 678 155 104 679 128 125 680 78 104 681 128 105 682 77 125 683 78 106 684 69 125 685 78 105 686 77 125 687 78 106 688 69 126 689 72 107 690 70 126 691 72 106 692 69 126 693 72 107 694 70 127 695 71 108 696 73 127 697 71 107 698 70 127 699 71 108 700 73 128 701 74 108 702 73 109 703 79 129 704 80 108 705 73 129 706 80 128 707 74 110 708 83 130 709 84 109 710 79 109 711 79 130 712 84 129 713 80 111 714 86 130 715 84 110 716 83 130 717 84 111 718 86 131 719 87 112 720 134 131 721 87 111 722 86 131 723 87 112 724 134 132 725 156 113 726 132 132 727 156 112 728 134 132 729 156 113 730 132 133 731 157 134 732 158 113 733 132 114 734 130 113 735 132 134 736 158 133 737 157 135 738 99 114 739 130 115 740 98 114 741 130 135 742 99 134 743 158 135 744 99 116 745 90 136 746 93 116 747 90 135 748 99 115 749 98 136 750 93 117 751 91 137 752 92 117 753 91 136 754 93 116 755 90 137 756 92 118 757 94 138 758 95 118 759 94 137 760 92 117 761 91 139 762 101 138 763 95 118 764 94 118 765 94 119 766 100 139 767 101 120 768 105 139 769 101 119 770 100 119 771 100 100 772 104 120 773 105 140 774 109 121 775 108 141 776 110 121 777 108 140 778 109 120 779 105 122 780 153 141 781 110 121 782 108 141 783 110 122 784 153 142 785 117 142 786 117 123 787 154 143 788 118 123 789 154 142 790 117 122 791 153 124 792 155 143 793 118 123 794 154 143 795 118 124 796 155 144 797 119 125 798 78 144 799 119 124 800 155 144 801 119 125 802 78 145 803 82 126 804 72 145 805 82 125 806 78 145 807 82 126 808 72 146 809 76 147 810 75 126 811 72 127 812 71 126 813 72 147 814 75 146 815 76 147 816 75 128 817 74 148 818 81 128 819 74 147 820 75 127 821 71 148 822 81 128 823 74 149 824 85 128 825 74 129 826 80 149 827 85 149 828 85 130 829 84 150 830 88 130 831 84 149 832 85 129 833 80 131 834 87 150 835 88 130 836 84 150 837 88 131 838 87 151 839 89 152 840 120 131 841 87 132 842 156 131 843 87 152 844 120 151 845 89 153 846 121 132 847 156 133 848 157 132 849 156 153 850 121 152 851 120 134 852 158 153 853 121 133 854 157 153 855 121 134 856 158 154 857 122 134 858 158 135 859 99 155 860 103 134 861 158 155 862 103 154 863 122 155 864 103 135 865 99 156 866 97 135 867 99 136 868 93 156 869 97 137 870 92 156 871 97 136 872 93 156 873 97 137 874 92 157 875 96 138 876 95 157 877 96 137 878 92 157 879 96 138 880 95 158 881 102 159 882 106 138 883 95 139 884 101 138 885 95 159 886 106 158 887 102 120 888 105 159 889 106 139 890 101 159 891 106 120 892 105 140 893 109 72 894 47 62 895 11 67 896 112 67 897 112 62 898 11 63 899 19 74 900 38 76 901 114 73 902 39 62 903 11 72 904 47 77 905 115 65 906 30 63 907 19 64 908 25 66 909 111 63 910 19 65 911 30 67 912 112 63 913 19 66 914 111 72 915 47 67 916 112 68 917 113 70 918 60 68 919 113 69 920 65 71 921 54 68 922 113 70 923 60 72 924 47 68 925 113 71 926 54 76 927 114 72 928 47 73 929 39 76 930 114 74 931 38 75 932 46 77 933 115 72 934 47 76 935 114 60 936 4 77 937 115 78 938 116 61 939 179 78 940 116 79 941 12 60 942 4 78 943 116 61 944 179 62 945 11 77 946 115 60 947 4</p>
        </triangles>
      </mesh>
    </geometry>
  </library_geometries>
  <library_visual_scenes>
    <visual_scene id="instruments" name="instruments">
      <node name="hihat2" id="hihat2" sid="hihat2">
        <matrix sid="matrix">0.857150 0.000000 0.000000 0.007567 0.000000 0.692416 0.000000 0.000000 0.000000 0.000000 0.857150 0.000000 0.000000 0.000000 0.000000 1.000000</matrix>
        <extra>
          <technique profile="FCOLLADA">
            <visibility>1.000000</visibility>
          </technique>
        </extra>
        <node name="pDisc12" id="pDisc12" sid="pDisc12">
          <matrix sid="matrix">1.000000 0.000000 0.000000 0.180545 0.000000 1.000000 0.000000 0.000000 0.000000 0.000000 1.000000 0.000000 0.000000 0.000000 0.000000 1.000000</matrix>
          <extra>
            <technique profile="FCOLLADA">
              <visibility>1.000000</visibility>
            </technique>
          </extra>
          <node name="transform4" id="transform4" sid="transform4">
            <matrix sid="matrix">1.000000 0.000000 0.000000 0.000000 0.000000 1.000000 0.000000 0.000000 0.000000 0.000000 1.000000 0.000000 0.000000 0.000000 0.000000 1.000000</matrix>
            <extra>
              <technique profile="FCOLLADA">
                <visibility>0.000000</visibility>
              </technique>
            </extra>
          </node>
        </node>
        <node name="pDisc11" id="pDisc11" sid="pDisc11">
          <matrix sid="matrix">1.000000 0.000000 0.000000 0.180545 0.000000 1.000000 0.000000 0.000000 0.000000 0.000000 1.000000 0.000000 0.000000 0.000000 0.000000 1.000000</matrix>
          <extra>
            <technique profile="FCOLLADA">
              <visibility>1.000000</visibility>
            </technique>
          </extra>
          <node name="transform3" id="transform3" sid="transform3">
            <matrix sid="matrix">1.000000 0.000000 0.000000 0.000000 0.000000 1.000000 0.000000 0.000000 0.000000 0.000000 1.000000 0.000000 0.000000 0.000000 0.000000 1.000000</matrix>
            <extra>
              <technique profile="FCOLLADA">
                <visibility>0.000000</visibility>
              </technique>
            </extra>
          </node>
        </node>
      </node>
      <node name="ride" id="ride" sid="ride">
        <matrix sid="matrix">1.000000 0.000000 0.000000 0.000000 0.000000 1.000000 0.000000 0.000000 0.000000 0.000000 1.000000 0.000000 0.000000 0.000000 0.000000 1.000000</matrix>
        <instance_geometry url="#ride-lib">
          <bind_material>
            <technique_common>
              <instance_material symbol="svgBlinn1" target="#svgBlinn1"/>
            </technique_common>
          </bind_material>
        </instance_geometry>
        <extra>
          <technique profile="FCOLLADA">
            <visibility>1.000000</visibility>
          </technique>
        </extra>
      </node>
      <node name="hihat" id="hihat" sid="hihat">
        <matrix sid="matrix">1.000000 0.000000 0.000000 0.000000 0.000000 1.000000 0.000000 0.000000 0.000000 0.000000 1.000000 0.042093 0.000000 0.000000 0.000000 1.000000</matrix>
        <instance_geometry url="#hihat-lib">
          <bind_material>
            <technique_common>
              <instance_material symbol="svgBlinn1" target="#svgBlinn1"/>
            </technique_common>
          </bind_material>
        </instance_geometry>
        <extra>
          <technique profile="FCOLLADA">
            <visibility>1.000000</visibility>
          </technique>
        </extra>
      </node>
      <node name="crash" id="crash" sid="crash">
        <matrix sid="matrix">1.000000 0.000000 0.000000 0.000000 0.000000 1.000000 0.000000 0.000000 0.000000 0.000000 1.000000 0.000000 0.000000 0.000000 0.000000 1.000000</matrix>
        <instance_geometry url="#crash-lib">
          <bind_material>
            <technique_common>
              <instance_material symbol="svgBlinn1" target="#svgBlinn1"/>
            </technique_common>
          </bind_material>
        </instance_geometry>
        <extra>
          <technique profile="FCOLLADA">
            <visibility>1.000000</visibility>
          </technique>
        </extra>
      </node>
      <node name="tom" id="tom" sid="tom">
        <matrix sid="matrix">1.000000 0.000000 0.000000 -0.688770 0.000000 1.000000 0.000000 0.000000 0.000000 0.000000 1.000000 0.000000 0.000000 0.000000 0.000000 1.000000</matrix>
        <instance_geometry url="#tom-lib">
          <bind_material>
            <technique_common>
              <instance_material symbol="lambert3" target="#lambert3"/>
            </technique_common>
          </bind_material>
        </instance_geometry>
        <extra>
          <technique profile="FCOLLADA">
            <visibility>1.000000</visibility>
          </technique>
        </extra>
      </node>
      <extra>
        <technique profile="MAX3D">
          <frame_rate>24.000000</frame_rate>
        </technique>
        <technique profile="FCOLLADA">
          <start_time>0.041667</start_time>
          <end_time>8.333333</end_time>
        </technique>
      </extra>
    </visual_scene>
  </library_visual_scenes>
  <scene>
    <instance_visual_scene url="#instruments"/>
  </scene>
</COLLADA>
